frame,obj,type,dist_m,bin,n_pts,param,value,inbox_pct
scene-0103_004,0,Pedestrian,19.83,mid,10,none,0.0,100.0
scene-0103_004,1,Pedestrian,15.63,mid,16,none,0.0,100.0
scene-0103_004,2,Car,14.34,near,53,none,0.0,100.0
scene-0103_008,0,Car,4.87,near,61,none,0.0,100.0
scene-0103_008,1,Car,17.71,mid,48,none,0.0,100.0
scene-0103_012,0,Car,18.13,mid,47,none,0.0,100.0
scene-0103_012,1,Car,16.09,mid,61,none,0.0,100.0
scene-0103_012,2,Car,27.04,mid,11,none,0.0,100.0
scene-0103_016,0,Car,12.68,near,146,none,0.0,100.0
scene-0103_016,1,Car,9.92,near,162,none,0.0,98.77
scene-0103_020,0,Car,17.41,mid,17,none,0.0,100.0
scene-0103_020,1,Car,37.29,far,10,none,0.0,100.0
scene-0103_020,2,Car,21.21,mid,24,none,0.0,100.0
scene-0103_020,3,Car,6.82,near,54,none,0.0,100.0
scene-0103_020,4,Car,15.08,mid,120,none,0.0,100.0
scene-0103_024,0,Car,31.11,far,10,none,0.0,100.0
scene-0103_024,1,Car,15.88,mid,10,none,0.0,100.0
scene-0103_024,2,Truck,47.52,far,10,none,0.0,100.0
scene-0103_024,3,Car,8.96,near,110,none,0.0,100.0
scene-0103_024,4,Car,21.57,mid,18,none,0.0,100.0
scene-0103_028,0,Car,21.75,mid,27,none,0.0,100.0
scene-0103_028,1,Truck,38.05,far,23,none,0.0,100.0
scene-0103_028,2,Car,26.59,mid,14,none,0.0,100.0
scene-0103_032,0,Car,9.38,near,30,none,0.0,100.0
scene-0103_032,1,Car,25.23,mid,22,none,0.0,100.0
scene-0103_032,2,Car,33.19,far,10,none,0.0,100.0
scene-0103_032,3,Bicycle,17.23,mid,16,none,0.0,100.0
scene-0103_032,4,Car,19.21,mid,25,none,0.0,100.0
scene-0103_032,5,Truck,25.14,mid,70,none,0.0,100.0
scene-0103_032,6,Car,13.76,near,123,none,0.0,100.0
scene-0103_036,0,Car,30.75,far,25,none,0.0,100.0
scene-0103_036,1,Car,26.76,mid,16,none,0.0,100.0
scene-0103_036,2,Car,19.55,mid,17,none,0.0,100.0
scene-0103_036,3,Car,10.48,near,107,none,0.0,100.0
scene-0103_036,4,Car,18.63,mid,74,none,0.0,100.0
scene-0103_036,5,Car,15.65,mid,38,none,0.0,100.0
scene-1094_000,0,Car,24.92,mid,33,none,0.0,100.0
scene-1094_000,1,Car,7.37,near,463,none,0.0,100.0
scene-1094_000,2,Car,30.62,far,61,none,0.0,100.0
scene-1094_000,3,Pedestrian,13.98,near,16,none,0.0,100.0
scene-1094_004,0,Car,24.19,mid,27,none,0.0,100.0
scene-1094_004,1,Car,8.48,near,367,none,0.0,100.0
scene-1094_004,2,Car,8.46,near,11,none,0.0,100.0
scene-1094_004,3,Car,29.87,mid,68,none,0.0,100.0
scene-1094_008,0,Car,20.43,mid,31,none,0.0,100.0
scene-1094_008,1,Car,7.94,near,481,none,0.0,100.0
scene-1094_008,2,Car,29.19,mid,18,none,0.0,100.0
scene-1094_008,3,Car,25.83,mid,62,none,0.0,100.0
scene-1094_008,4,Pedestrian,12.27,near,20,none,0.0,100.0
scene-1094_012,0,Car,15.87,mid,137,none,0.0,100.0
scene-1094_012,1,Car,10.73,near,20,none,0.0,100.0
scene-1094_012,2,Car,24.46,mid,15,none,0.0,100.0
scene-1094_012,3,Car,23.91,mid,31,none,0.0,100.0
scene-1094_012,4,Car,18.66,mid,34,none,0.0,100.0
scene-1094_012,5,Car,20.73,mid,121,none,0.0,100.0
scene-1094_012,6,Pedestrian,8.71,near,49,none,0.0,100.0
scene-1094_016,0,Car,9.18,near,16,none,0.0,93.75
scene-1094_016,1,Car,24.05,mid,22,none,0.0,100.0
scene-1094_016,2,Car,28.35,mid,20,none,0.0,100.0
scene-1094_016,3,Car,34.21,far,17,none,0.0,100.0
scene-1094_016,4,Car,15.91,mid,72,none,0.0,100.0
scene-1094_016,5,Car,17.51,mid,23,none,0.0,100.0
scene-1094_020,0,Car,23.83,mid,21,none,0.0,100.0
scene-1094_020,1,Car,20.02,mid,37,none,0.0,100.0
scene-1094_020,2,Car,20.89,mid,25,none,0.0,100.0
scene-1094_024,0,Car,23.53,mid,30,none,0.0,100.0
scene-1094_024,1,Pedestrian,15.87,mid,15,none,0.0,100.0
scene-1094_028,0,Pedestrian,7.96,near,49,none,0.0,100.0
scene-1094_036,0,Car,30.0,far,17,none,0.0,100.0
scene-0103_004,0,Pedestrian,19.83,mid,10,yaw_deg,0.5,30.0
scene-0103_004,1,Pedestrian,15.63,mid,16,yaw_deg,0.5,100.0
scene-0103_004,2,Car,14.34,near,53,yaw_deg,0.5,100.0
scene-0103_008,0,Car,4.87,near,61,yaw_deg,0.5,85.25
scene-0103_008,1,Car,17.71,mid,48,yaw_deg,0.5,100.0
scene-0103_012,0,Car,18.13,mid,47,yaw_deg,0.5,100.0
scene-0103_012,1,Car,16.09,mid,61,yaw_deg,0.5,100.0
scene-0103_012,2,Car,27.04,mid,11,yaw_deg,0.5,100.0
scene-0103_016,0,Car,12.68,near,146,yaw_deg,0.5,99.32
scene-0103_016,1,Car,9.92,near,162,yaw_deg,0.5,100.0
scene-0103_020,0,Car,17.41,mid,17,yaw_deg,0.5,100.0
scene-0103_020,1,Car,37.29,far,10,yaw_deg,0.5,90.0
scene-0103_020,2,Car,21.21,mid,24,yaw_deg,0.5,100.0
scene-0103_020,3,Car,6.82,near,54,yaw_deg,0.5,100.0
scene-0103_020,4,Car,15.08,mid,120,yaw_deg,0.5,100.0
scene-0103_024,0,Car,31.11,far,10,yaw_deg,0.5,100.0
scene-0103_024,1,Car,15.88,mid,10,yaw_deg,0.5,80.0
scene-0103_024,2,Truck,47.52,far,10,yaw_deg,0.5,100.0
scene-0103_024,3,Car,8.96,near,110,yaw_deg,0.5,90.91
scene-0103_024,4,Car,21.57,mid,18,yaw_deg,0.5,100.0
scene-0103_028,0,Car,21.75,mid,27,yaw_deg,0.5,96.3
scene-0103_028,1,Truck,38.05,far,23,yaw_deg,0.5,100.0
scene-0103_028,2,Car,26.59,mid,14,yaw_deg,0.5,100.0
scene-0103_032,0,Car,9.38,near,30,yaw_deg,0.5,100.0
scene-0103_032,1,Car,25.23,mid,22,yaw_deg,0.5,100.0
scene-0103_032,2,Car,33.19,far,10,yaw_deg,0.5,100.0
scene-0103_032,3,Bicycle,17.23,mid,16,yaw_deg,0.5,100.0
scene-0103_032,4,Car,19.21,mid,25,yaw_deg,0.5,96.0
scene-0103_032,5,Truck,25.14,mid,70,yaw_deg,0.5,100.0
scene-0103_032,6,Car,13.76,near,123,yaw_deg,0.5,100.0
scene-0103_036,0,Car,30.75,far,25,yaw_deg,0.5,100.0
scene-0103_036,1,Car,26.76,mid,16,yaw_deg,0.5,93.75
scene-0103_036,2,Car,19.55,mid,17,yaw_deg,0.5,100.0
scene-0103_036,3,Car,10.48,near,107,yaw_deg,0.5,100.0
scene-0103_036,4,Car,18.63,mid,74,yaw_deg,0.5,95.95
scene-0103_036,5,Car,15.65,mid,38,yaw_deg,0.5,100.0
scene-1094_000,0,Car,24.92,mid,33,yaw_deg,0.5,96.97
scene-1094_000,1,Car,7.37,near,463,yaw_deg,0.5,99.57
scene-1094_000,2,Car,30.62,far,61,yaw_deg,0.5,100.0
scene-1094_000,3,Pedestrian,13.98,near,16,yaw_deg,0.5,100.0
scene-1094_004,0,Car,24.19,mid,27,yaw_deg,0.5,96.3
scene-1094_004,1,Car,8.48,near,367,yaw_deg,0.5,100.0
scene-1094_004,2,Car,8.46,near,11,yaw_deg,0.5,81.82
scene-1094_004,3,Car,29.87,mid,68,yaw_deg,0.5,100.0
scene-1094_008,0,Car,20.43,mid,31,yaw_deg,0.5,83.87
scene-1094_008,1,Car,7.94,near,481,yaw_deg,0.5,99.79
scene-1094_008,2,Car,29.19,mid,18,yaw_deg,0.5,100.0
scene-1094_008,3,Car,25.83,mid,62,yaw_deg,0.5,100.0
scene-1094_008,4,Pedestrian,12.27,near,20,yaw_deg,0.5,100.0
scene-1094_012,0,Car,15.87,mid,137,yaw_deg,0.5,99.27
scene-1094_012,1,Car,10.73,near,20,yaw_deg,0.5,55.0
scene-1094_012,2,Car,24.46,mid,15,yaw_deg,0.5,100.0
scene-1094_012,3,Car,23.91,mid,31,yaw_deg,0.5,100.0
scene-1094_012,4,Car,18.66,mid,34,yaw_deg,0.5,100.0
scene-1094_012,5,Car,20.73,mid,121,yaw_deg,0.5,100.0
scene-1094_012,6,Pedestrian,8.71,near,49,yaw_deg,0.5,100.0
scene-1094_016,0,Car,9.18,near,16,yaw_deg,0.5,100.0
scene-1094_016,1,Car,24.05,mid,22,yaw_deg,0.5,100.0
scene-1094_016,2,Car,28.35,mid,20,yaw_deg,0.5,100.0
scene-1094_016,3,Car,34.21,far,17,yaw_deg,0.5,100.0
scene-1094_016,4,Car,15.91,mid,72,yaw_deg,0.5,98.61
scene-1094_016,5,Car,17.51,mid,23,yaw_deg,0.5,100.0
scene-1094_020,0,Car,23.83,mid,21,yaw_deg,0.5,100.0
scene-1094_020,1,Car,20.02,mid,37,yaw_deg,0.5,91.89
scene-1094_020,2,Car,20.89,mid,25,yaw_deg,0.5,100.0
scene-1094_024,0,Car,23.53,mid,30,yaw_deg,0.5,96.67
scene-1094_024,1,Pedestrian,15.87,mid,15,yaw_deg,0.5,93.33
scene-1094_028,0,Pedestrian,7.96,near,49,yaw_deg,0.5,100.0
scene-1094_036,0,Car,30.0,far,17,yaw_deg,0.5,100.0
scene-0103_004,0,Pedestrian,19.83,mid,10,yaw_deg,1.0,0.0
scene-0103_004,1,Pedestrian,15.63,mid,16,yaw_deg,1.0,93.75
scene-0103_004,2,Car,14.34,near,53,yaw_deg,1.0,100.0
scene-0103_008,0,Car,4.87,near,61,yaw_deg,1.0,68.85
scene-0103_008,1,Car,17.71,mid,48,yaw_deg,1.0,100.0
scene-0103_012,0,Car,18.13,mid,47,yaw_deg,1.0,100.0
scene-0103_012,1,Car,16.09,mid,61,yaw_deg,1.0,98.36
scene-0103_012,2,Car,27.04,mid,11,yaw_deg,1.0,81.82
scene-0103_016,0,Car,12.68,near,146,yaw_deg,1.0,98.63
scene-0103_016,1,Car,9.92,near,162,yaw_deg,1.0,100.0
scene-0103_020,0,Car,17.41,mid,17,yaw_deg,1.0,100.0
scene-0103_020,1,Car,37.29,far,10,yaw_deg,1.0,70.0
scene-0103_020,2,Car,21.21,mid,24,yaw_deg,1.0,95.83
scene-0103_020,3,Car,6.82,near,54,yaw_deg,1.0,100.0
scene-0103_020,4,Car,15.08,mid,120,yaw_deg,1.0,100.0
scene-0103_024,0,Car,31.11,far,10,yaw_deg,1.0,90.0
scene-0103_024,1,Car,15.88,mid,10,yaw_deg,1.0,70.0
scene-0103_024,2,Truck,47.52,far,10,yaw_deg,1.0,100.0
scene-0103_024,3,Car,8.96,near,110,yaw_deg,1.0,83.64
scene-0103_024,4,Car,21.57,mid,18,yaw_deg,1.0,100.0
scene-0103_028,0,Car,21.75,mid,27,yaw_deg,1.0,92.59
scene-0103_028,1,Truck,38.05,far,23,yaw_deg,1.0,95.65
scene-0103_028,2,Car,26.59,mid,14,yaw_deg,1.0,92.86
scene-0103_032,0,Car,9.38,near,30,yaw_deg,1.0,96.67
scene-0103_032,1,Car,25.23,mid,22,yaw_deg,1.0,86.36
scene-0103_032,2,Car,33.19,far,10,yaw_deg,1.0,100.0
scene-0103_032,3,Bicycle,17.23,mid,16,yaw_deg,1.0,100.0
scene-0103_032,4,Car,19.21,mid,25,yaw_deg,1.0,92.0
scene-0103_032,5,Truck,25.14,mid,70,yaw_deg,1.0,100.0
scene-0103_032,6,Car,13.76,near,123,yaw_deg,1.0,98.37
scene-0103_036,0,Car,30.75,far,25,yaw_deg,1.0,92.0
scene-0103_036,1,Car,26.76,mid,16,yaw_deg,1.0,93.75
scene-0103_036,2,Car,19.55,mid,17,yaw_deg,1.0,76.47
scene-0103_036,3,Car,10.48,near,107,yaw_deg,1.0,100.0
scene-0103_036,4,Car,18.63,mid,74,yaw_deg,1.0,93.24
scene-0103_036,5,Car,15.65,mid,38,yaw_deg,1.0,94.74
scene-1094_000,0,Car,24.92,mid,33,yaw_deg,1.0,84.85
scene-1094_000,1,Car,7.37,near,463,yaw_deg,1.0,97.84
scene-1094_000,2,Car,30.62,far,61,yaw_deg,1.0,100.0
scene-1094_000,3,Pedestrian,13.98,near,16,yaw_deg,1.0,100.0
scene-1094_004,0,Car,24.19,mid,27,yaw_deg,1.0,81.48
scene-1094_004,1,Car,8.48,near,367,yaw_deg,1.0,98.64
scene-1094_004,2,Car,8.46,near,11,yaw_deg,1.0,45.45
scene-1094_004,3,Car,29.87,mid,68,yaw_deg,1.0,97.06
scene-1094_008,0,Car,20.43,mid,31,yaw_deg,1.0,74.19
scene-1094_008,1,Car,7.94,near,481,yaw_deg,1.0,98.54
scene-1094_008,2,Car,29.19,mid,18,yaw_deg,1.0,88.89
scene-1094_008,3,Car,25.83,mid,62,yaw_deg,1.0,98.39
scene-1094_008,4,Pedestrian,12.27,near,20,yaw_deg,1.0,100.0
scene-1094_012,0,Car,15.87,mid,137,yaw_deg,1.0,97.08
scene-1094_012,1,Car,10.73,near,20,yaw_deg,1.0,25.0
scene-1094_012,2,Car,24.46,mid,15,yaw_deg,1.0,93.33
scene-1094_012,3,Car,23.91,mid,31,yaw_deg,1.0,100.0
scene-1094_012,4,Car,18.66,mid,34,yaw_deg,1.0,100.0
scene-1094_012,5,Car,20.73,mid,121,yaw_deg,1.0,100.0
scene-1094_012,6,Pedestrian,8.71,near,49,yaw_deg,1.0,100.0
scene-1094_016,0,Car,9.18,near,16,yaw_deg,1.0,37.5
scene-1094_016,1,Car,24.05,mid,22,yaw_deg,1.0,100.0
scene-1094_016,2,Car,28.35,mid,20,yaw_deg,1.0,100.0
scene-1094_016,3,Car,34.21,far,17,yaw_deg,1.0,82.35
scene-1094_016,4,Car,15.91,mid,72,yaw_deg,1.0,94.44
scene-1094_016,5,Car,17.51,mid,23,yaw_deg,1.0,100.0
scene-1094_020,0,Car,23.83,mid,21,yaw_deg,1.0,100.0
scene-1094_020,1,Car,20.02,mid,37,yaw_deg,1.0,83.78
scene-1094_020,2,Car,20.89,mid,25,yaw_deg,1.0,100.0
scene-1094_024,0,Car,23.53,mid,30,yaw_deg,1.0,86.67
scene-1094_024,1,Pedestrian,15.87,mid,15,yaw_deg,1.0,80.0
scene-1094_028,0,Pedestrian,7.96,near,49,yaw_deg,1.0,93.88
scene-1094_036,0,Car,30.0,far,17,yaw_deg,1.0,82.35
scene-0103_004,0,Pedestrian,19.83,mid,10,yaw_deg,2.0,0.0
scene-0103_004,1,Pedestrian,15.63,mid,16,yaw_deg,2.0,43.75
scene-0103_004,2,Car,14.34,near,53,yaw_deg,2.0,96.23
scene-0103_008,0,Car,4.87,near,61,yaw_deg,2.0,42.62
scene-0103_008,1,Car,17.71,mid,48,yaw_deg,2.0,89.58
scene-0103_012,0,Car,18.13,mid,47,yaw_deg,2.0,100.0
scene-0103_012,1,Car,16.09,mid,61,yaw_deg,2.0,88.52
scene-0103_012,2,Car,27.04,mid,11,yaw_deg,2.0,72.73
scene-0103_016,0,Car,12.68,near,146,yaw_deg,2.0,95.89
scene-0103_016,1,Car,9.92,near,162,yaw_deg,2.0,95.06
scene-0103_020,0,Car,17.41,mid,17,yaw_deg,2.0,88.24
scene-0103_020,1,Car,37.29,far,10,yaw_deg,2.0,40.0
scene-0103_020,2,Car,21.21,mid,24,yaw_deg,2.0,75.0
scene-0103_020,3,Car,6.82,near,54,yaw_deg,2.0,90.74
scene-0103_020,4,Car,15.08,mid,120,yaw_deg,2.0,96.67
scene-0103_024,0,Car,31.11,far,10,yaw_deg,2.0,50.0
scene-0103_024,1,Car,15.88,mid,10,yaw_deg,2.0,40.0
scene-0103_024,2,Truck,47.52,far,10,yaw_deg,2.0,90.0
scene-0103_024,3,Car,8.96,near,110,yaw_deg,2.0,70.0
scene-0103_024,4,Car,21.57,mid,18,yaw_deg,2.0,100.0
scene-0103_028,0,Car,21.75,mid,27,yaw_deg,2.0,77.78
scene-0103_028,1,Truck,38.05,far,23,yaw_deg,2.0,82.61
scene-0103_028,2,Car,26.59,mid,14,yaw_deg,2.0,85.71
scene-0103_032,0,Car,9.38,near,30,yaw_deg,2.0,70.0
scene-0103_032,1,Car,25.23,mid,22,yaw_deg,2.0,72.73
scene-0103_032,2,Car,33.19,far,10,yaw_deg,2.0,100.0
scene-0103_032,3,Bicycle,17.23,mid,16,yaw_deg,2.0,81.25
scene-0103_032,4,Car,19.21,mid,25,yaw_deg,2.0,64.0
scene-0103_032,5,Truck,25.14,mid,70,yaw_deg,2.0,95.71
scene-0103_032,6,Car,13.76,near,123,yaw_deg,2.0,92.68
scene-0103_036,0,Car,30.75,far,25,yaw_deg,2.0,64.0
scene-0103_036,1,Car,26.76,mid,16,yaw_deg,2.0,68.75
scene-0103_036,2,Car,19.55,mid,17,yaw_deg,2.0,64.71
scene-0103_036,3,Car,10.48,near,107,yaw_deg,2.0,94.39
scene-0103_036,4,Car,18.63,mid,74,yaw_deg,2.0,91.89
scene-0103_036,5,Car,15.65,mid,38,yaw_deg,2.0,84.21
scene-1094_000,0,Car,24.92,mid,33,yaw_deg,2.0,60.61
scene-1094_000,1,Car,7.37,near,463,yaw_deg,2.0,91.58
scene-1094_000,2,Car,30.62,far,61,yaw_deg,2.0,96.72
scene-1094_000,3,Pedestrian,13.98,near,16,yaw_deg,2.0,87.5
scene-1094_004,0,Car,24.19,mid,27,yaw_deg,2.0,77.78
scene-1094_004,1,Car,8.48,near,367,yaw_deg,2.0,94.55
scene-1094_004,2,Car,8.46,near,11,yaw_deg,2.0,0.0
scene-1094_004,3,Car,29.87,mid,68,yaw_deg,2.0,92.65
scene-1094_008,0,Car,20.43,mid,31,yaw_deg,2.0,45.16
scene-1094_008,1,Car,7.94,near,481,yaw_deg,2.0,94.59
scene-1094_008,2,Car,29.19,mid,18,yaw_deg,2.0,61.11
scene-1094_008,3,Car,25.83,mid,62,yaw_deg,2.0,93.55
scene-1094_008,4,Pedestrian,12.27,near,20,yaw_deg,2.0,90.0
scene-1094_012,0,Car,15.87,mid,137,yaw_deg,2.0,86.86
scene-1094_012,1,Car,10.73,near,20,yaw_deg,2.0,0.0
scene-1094_012,2,Car,24.46,mid,15,yaw_deg,2.0,60.0
scene-1094_012,3,Car,23.91,mid,31,yaw_deg,2.0,93.55
scene-1094_012,4,Car,18.66,mid,34,yaw_deg,2.0,100.0
scene-1094_012,5,Car,20.73,mid,121,yaw_deg,2.0,97.52
scene-1094_012,6,Pedestrian,8.71,near,49,yaw_deg,2.0,91.84
scene-1094_016,0,Car,9.18,near,16,yaw_deg,2.0,0.0
scene-1094_016,1,Car,24.05,mid,22,yaw_deg,2.0,86.36
scene-1094_016,2,Car,28.35,mid,20,yaw_deg,2.0,95.0
scene-1094_016,3,Car,34.21,far,17,yaw_deg,2.0,52.94
scene-1094_016,4,Car,15.91,mid,72,yaw_deg,2.0,84.72
scene-1094_016,5,Car,17.51,mid,23,yaw_deg,2.0,95.65
scene-1094_020,0,Car,23.83,mid,21,yaw_deg,2.0,85.71
scene-1094_020,1,Car,20.02,mid,37,yaw_deg,2.0,59.46
scene-1094_020,2,Car,20.89,mid,25,yaw_deg,2.0,92.0
scene-1094_024,0,Car,23.53,mid,30,yaw_deg,2.0,60.0
scene-1094_024,1,Pedestrian,15.87,mid,15,yaw_deg,2.0,26.67
scene-1094_028,0,Pedestrian,7.96,near,49,yaw_deg,2.0,87.76
scene-1094_036,0,Car,30.0,far,17,yaw_deg,2.0,47.06
scene-0103_004,0,Pedestrian,19.83,mid,10,yaw_deg,3.0,0.0
scene-0103_004,1,Pedestrian,15.63,mid,16,yaw_deg,3.0,0.0
scene-0103_004,2,Car,14.34,near,53,yaw_deg,3.0,88.68
scene-0103_008,0,Car,4.87,near,61,yaw_deg,3.0,14.75
scene-0103_008,1,Car,17.71,mid,48,yaw_deg,3.0,79.17
scene-0103_012,0,Car,18.13,mid,47,yaw_deg,3.0,95.74
scene-0103_012,1,Car,16.09,mid,61,yaw_deg,3.0,78.69
scene-0103_012,2,Car,27.04,mid,11,yaw_deg,3.0,45.45
scene-0103_016,0,Car,12.68,near,146,yaw_deg,3.0,91.78
scene-0103_016,1,Car,9.92,near,162,yaw_deg,3.0,89.51
scene-0103_020,0,Car,17.41,mid,17,yaw_deg,3.0,88.24
scene-0103_020,1,Car,37.29,far,10,yaw_deg,3.0,0.0
scene-0103_020,2,Car,21.21,mid,24,yaw_deg,3.0,62.5
scene-0103_020,3,Car,6.82,near,54,yaw_deg,3.0,74.07
scene-0103_020,4,Car,15.08,mid,120,yaw_deg,3.0,89.17
scene-0103_024,0,Car,31.11,far,10,yaw_deg,3.0,20.0
scene-0103_024,1,Car,15.88,mid,10,yaw_deg,3.0,40.0
scene-0103_024,2,Truck,47.52,far,10,yaw_deg,3.0,60.0
scene-0103_024,3,Car,8.96,near,110,yaw_deg,3.0,56.36
scene-0103_024,4,Car,21.57,mid,18,yaw_deg,3.0,83.33
scene-0103_028,0,Car,21.75,mid,27,yaw_deg,3.0,55.56
scene-0103_028,1,Truck,38.05,far,23,yaw_deg,3.0,65.22
scene-0103_028,2,Car,26.59,mid,14,yaw_deg,3.0,42.86
scene-0103_032,0,Car,9.38,near,30,yaw_deg,3.0,53.33
scene-0103_032,1,Car,25.23,mid,22,yaw_deg,3.0,40.91
scene-0103_032,2,Car,33.19,far,10,yaw_deg,3.0,80.0
scene-0103_032,3,Bicycle,17.23,mid,16,yaw_deg,3.0,25.0
scene-0103_032,4,Car,19.21,mid,25,yaw_deg,3.0,48.0
scene-0103_032,5,Truck,25.14,mid,70,yaw_deg,3.0,87.14
scene-0103_032,6,Car,13.76,near,123,yaw_deg,3.0,85.37
scene-0103_036,0,Car,30.75,far,25,yaw_deg,3.0,32.0
scene-0103_036,1,Car,26.76,mid,16,yaw_deg,3.0,50.0
scene-0103_036,2,Car,19.55,mid,17,yaw_deg,3.0,52.94
scene-0103_036,3,Car,10.48,near,107,yaw_deg,3.0,89.72
scene-0103_036,4,Car,18.63,mid,74,yaw_deg,3.0,81.08
scene-0103_036,5,Car,15.65,mid,38,yaw_deg,3.0,71.05
scene-1094_000,0,Car,24.92,mid,33,yaw_deg,3.0,51.52
scene-1094_000,1,Car,7.37,near,463,yaw_deg,3.0,88.12
scene-1094_000,2,Car,30.62,far,61,yaw_deg,3.0,91.8
scene-1094_000,3,Pedestrian,13.98,near,16,yaw_deg,3.0,18.75
scene-1094_004,0,Car,24.19,mid,27,yaw_deg,3.0,77.78
scene-1094_004,1,Car,8.48,near,367,yaw_deg,3.0,87.74
scene-1094_004,2,Car,8.46,near,11,yaw_deg,3.0,0.0
scene-1094_004,3,Car,29.87,mid,68,yaw_deg,3.0,88.24
scene-1094_008,0,Car,20.43,mid,31,yaw_deg,3.0,22.58
scene-1094_008,1,Car,7.94,near,481,yaw_deg,3.0,90.64
scene-1094_008,2,Car,29.19,mid,18,yaw_deg,3.0,33.33
scene-1094_008,3,Car,25.83,mid,62,yaw_deg,3.0,83.87
scene-1094_008,4,Pedestrian,12.27,near,20,yaw_deg,3.0,40.0
scene-1094_012,0,Car,15.87,mid,137,yaw_deg,3.0,73.72
scene-1094_012,1,Car,10.73,near,20,yaw_deg,3.0,0.0
scene-1094_012,2,Car,24.46,mid,15,yaw_deg,3.0,40.0
scene-1094_012,3,Car,23.91,mid,31,yaw_deg,3.0,77.42
scene-1094_012,4,Car,18.66,mid,34,yaw_deg,3.0,100.0
scene-1094_012,5,Car,20.73,mid,121,yaw_deg,3.0,91.74
scene-1094_012,6,Pedestrian,8.71,near,49,yaw_deg,3.0,67.35
scene-1094_016,0,Car,9.18,near,16,yaw_deg,3.0,0.0
scene-1094_016,1,Car,24.05,mid,22,yaw_deg,3.0,72.73
scene-1094_016,2,Car,28.35,mid,20,yaw_deg,3.0,55.0
scene-1094_016,3,Car,34.21,far,17,yaw_deg,3.0,35.29
scene-1094_016,4,Car,15.91,mid,72,yaw_deg,3.0,73.61
scene-1094_016,5,Car,17.51,mid,23,yaw_deg,3.0,95.65
scene-1094_020,0,Car,23.83,mid,21,yaw_deg,3.0,71.43
scene-1094_020,1,Car,20.02,mid,37,yaw_deg,3.0,43.24
scene-1094_020,2,Car,20.89,mid,25,yaw_deg,3.0,80.0
scene-1094_024,0,Car,23.53,mid,30,yaw_deg,3.0,33.33
scene-1094_024,1,Pedestrian,15.87,mid,15,yaw_deg,3.0,0.0
scene-1094_028,0,Pedestrian,7.96,near,49,yaw_deg,3.0,69.39
scene-1094_036,0,Car,30.0,far,17,yaw_deg,3.0,11.76
scene-0103_004,0,Pedestrian,19.83,mid,10,pitch_deg,0.5,100.0
scene-0103_004,1,Pedestrian,15.63,mid,16,pitch_deg,0.5,100.0
scene-0103_004,2,Car,14.34,near,53,pitch_deg,0.5,100.0
scene-0103_008,0,Car,4.87,near,61,pitch_deg,0.5,100.0
scene-0103_008,1,Car,17.71,mid,48,pitch_deg,0.5,100.0
scene-0103_012,0,Car,18.13,mid,47,pitch_deg,0.5,100.0
scene-0103_012,1,Car,16.09,mid,61,pitch_deg,0.5,100.0
scene-0103_012,2,Car,27.04,mid,11,pitch_deg,0.5,100.0
scene-0103_016,0,Car,12.68,near,146,pitch_deg,0.5,100.0
scene-0103_016,1,Car,9.92,near,162,pitch_deg,0.5,100.0
scene-0103_020,0,Car,17.41,mid,17,pitch_deg,0.5,100.0
scene-0103_020,1,Car,37.29,far,10,pitch_deg,0.5,100.0
scene-0103_020,2,Car,21.21,mid,24,pitch_deg,0.5,100.0
scene-0103_020,3,Car,6.82,near,54,pitch_deg,0.5,100.0
scene-0103_020,4,Car,15.08,mid,120,pitch_deg,0.5,100.0
scene-0103_024,0,Car,31.11,far,10,pitch_deg,0.5,100.0
scene-0103_024,1,Car,15.88,mid,10,pitch_deg,0.5,100.0
scene-0103_024,2,Truck,47.52,far,10,pitch_deg,0.5,100.0
scene-0103_024,3,Car,8.96,near,110,pitch_deg,0.5,99.09
scene-0103_024,4,Car,21.57,mid,18,pitch_deg,0.5,100.0
scene-0103_028,0,Car,21.75,mid,27,pitch_deg,0.5,100.0
scene-0103_028,1,Truck,38.05,far,23,pitch_deg,0.5,100.0
scene-0103_028,2,Car,26.59,mid,14,pitch_deg,0.5,100.0
scene-0103_032,0,Car,9.38,near,30,pitch_deg,0.5,100.0
scene-0103_032,1,Car,25.23,mid,22,pitch_deg,0.5,100.0
scene-0103_032,2,Car,33.19,far,10,pitch_deg,0.5,100.0
scene-0103_032,3,Bicycle,17.23,mid,16,pitch_deg,0.5,100.0
scene-0103_032,4,Car,19.21,mid,25,pitch_deg,0.5,100.0
scene-0103_032,5,Truck,25.14,mid,70,pitch_deg,0.5,100.0
scene-0103_032,6,Car,13.76,near,123,pitch_deg,0.5,100.0
scene-0103_036,0,Car,30.75,far,25,pitch_deg,0.5,100.0
scene-0103_036,1,Car,26.76,mid,16,pitch_deg,0.5,100.0
scene-0103_036,2,Car,19.55,mid,17,pitch_deg,0.5,100.0
scene-0103_036,3,Car,10.48,near,107,pitch_deg,0.5,100.0
scene-0103_036,4,Car,18.63,mid,74,pitch_deg,0.5,98.65
scene-0103_036,5,Car,15.65,mid,38,pitch_deg,0.5,100.0
scene-1094_000,0,Car,24.92,mid,33,pitch_deg,0.5,100.0
scene-1094_000,1,Car,7.37,near,463,pitch_deg,0.5,100.0
scene-1094_000,2,Car,30.62,far,61,pitch_deg,0.5,100.0
scene-1094_000,3,Pedestrian,13.98,near,16,pitch_deg,0.5,100.0
scene-1094_004,0,Car,24.19,mid,27,pitch_deg,0.5,100.0
scene-1094_004,1,Car,8.48,near,367,pitch_deg,0.5,100.0
scene-1094_004,2,Car,8.46,near,11,pitch_deg,0.5,100.0
scene-1094_004,3,Car,29.87,mid,68,pitch_deg,0.5,100.0
scene-1094_008,0,Car,20.43,mid,31,pitch_deg,0.5,96.77
scene-1094_008,1,Car,7.94,near,481,pitch_deg,0.5,100.0
scene-1094_008,2,Car,29.19,mid,18,pitch_deg,0.5,100.0
scene-1094_008,3,Car,25.83,mid,62,pitch_deg,0.5,100.0
scene-1094_008,4,Pedestrian,12.27,near,20,pitch_deg,0.5,100.0
scene-1094_012,0,Car,15.87,mid,137,pitch_deg,0.5,100.0
scene-1094_012,1,Car,10.73,near,20,pitch_deg,0.5,95.0
scene-1094_012,2,Car,24.46,mid,15,pitch_deg,0.5,100.0
scene-1094_012,3,Car,23.91,mid,31,pitch_deg,0.5,100.0
scene-1094_012,4,Car,18.66,mid,34,pitch_deg,0.5,100.0
scene-1094_012,5,Car,20.73,mid,121,pitch_deg,0.5,100.0
scene-1094_012,6,Pedestrian,8.71,near,49,pitch_deg,0.5,100.0
scene-1094_016,0,Car,9.18,near,16,pitch_deg,0.5,100.0
scene-1094_016,1,Car,24.05,mid,22,pitch_deg,0.5,100.0
scene-1094_016,2,Car,28.35,mid,20,pitch_deg,0.5,100.0
scene-1094_016,3,Car,34.21,far,17,pitch_deg,0.5,100.0
scene-1094_016,4,Car,15.91,mid,72,pitch_deg,0.5,100.0
scene-1094_016,5,Car,17.51,mid,23,pitch_deg,0.5,100.0
scene-1094_020,0,Car,23.83,mid,21,pitch_deg,0.5,100.0
scene-1094_020,1,Car,20.02,mid,37,pitch_deg,0.5,100.0
scene-1094_020,2,Car,20.89,mid,25,pitch_deg,0.5,96.0
scene-1094_024,0,Car,23.53,mid,30,pitch_deg,0.5,100.0
scene-1094_024,1,Pedestrian,15.87,mid,15,pitch_deg,0.5,100.0
scene-1094_028,0,Pedestrian,7.96,near,49,pitch_deg,0.5,100.0
scene-1094_036,0,Car,30.0,far,17,pitch_deg,0.5,100.0
scene-0103_004,0,Pedestrian,19.83,mid,10,pitch_deg,1.0,100.0
scene-0103_004,1,Pedestrian,15.63,mid,16,pitch_deg,1.0,100.0
scene-0103_004,2,Car,14.34,near,53,pitch_deg,1.0,100.0
scene-0103_008,0,Car,4.87,near,61,pitch_deg,1.0,93.44
scene-0103_008,1,Car,17.71,mid,48,pitch_deg,1.0,100.0
scene-0103_012,0,Car,18.13,mid,47,pitch_deg,1.0,100.0
scene-0103_012,1,Car,16.09,mid,61,pitch_deg,1.0,100.0
scene-0103_012,2,Car,27.04,mid,11,pitch_deg,1.0,100.0
scene-0103_016,0,Car,12.68,near,146,pitch_deg,1.0,100.0
scene-0103_016,1,Car,9.92,near,162,pitch_deg,1.0,100.0
scene-0103_020,0,Car,17.41,mid,17,pitch_deg,1.0,100.0
scene-0103_020,1,Car,37.29,far,10,pitch_deg,1.0,100.0
scene-0103_020,2,Car,21.21,mid,24,pitch_deg,1.0,100.0
scene-0103_020,3,Car,6.82,near,54,pitch_deg,1.0,100.0
scene-0103_020,4,Car,15.08,mid,120,pitch_deg,1.0,100.0
scene-0103_024,0,Car,31.11,far,10,pitch_deg,1.0,100.0
scene-0103_024,1,Car,15.88,mid,10,pitch_deg,1.0,100.0
scene-0103_024,2,Truck,47.52,far,10,pitch_deg,1.0,100.0
scene-0103_024,3,Car,8.96,near,110,pitch_deg,1.0,98.18
scene-0103_024,4,Car,21.57,mid,18,pitch_deg,1.0,100.0
scene-0103_028,0,Car,21.75,mid,27,pitch_deg,1.0,100.0
scene-0103_028,1,Truck,38.05,far,23,pitch_deg,1.0,100.0
scene-0103_028,2,Car,26.59,mid,14,pitch_deg,1.0,100.0
scene-0103_032,0,Car,9.38,near,30,pitch_deg,1.0,100.0
scene-0103_032,1,Car,25.23,mid,22,pitch_deg,1.0,100.0
scene-0103_032,2,Car,33.19,far,10,pitch_deg,1.0,100.0
scene-0103_032,3,Bicycle,17.23,mid,16,pitch_deg,1.0,100.0
scene-0103_032,4,Car,19.21,mid,25,pitch_deg,1.0,100.0
scene-0103_032,5,Truck,25.14,mid,70,pitch_deg,1.0,100.0
scene-0103_032,6,Car,13.76,near,123,pitch_deg,1.0,100.0
scene-0103_036,0,Car,30.75,far,25,pitch_deg,1.0,100.0
scene-0103_036,1,Car,26.76,mid,16,pitch_deg,1.0,100.0
scene-0103_036,2,Car,19.55,mid,17,pitch_deg,1.0,100.0
scene-0103_036,3,Car,10.48,near,107,pitch_deg,1.0,100.0
scene-0103_036,4,Car,18.63,mid,74,pitch_deg,1.0,98.65
scene-0103_036,5,Car,15.65,mid,38,pitch_deg,1.0,100.0
scene-1094_000,0,Car,24.92,mid,33,pitch_deg,1.0,100.0
scene-1094_000,1,Car,7.37,near,463,pitch_deg,1.0,99.78
scene-1094_000,2,Car,30.62,far,61,pitch_deg,1.0,100.0
scene-1094_000,3,Pedestrian,13.98,near,16,pitch_deg,1.0,100.0
scene-1094_004,0,Car,24.19,mid,27,pitch_deg,1.0,100.0
scene-1094_004,1,Car,8.48,near,367,pitch_deg,1.0,99.46
scene-1094_004,2,Car,8.46,near,11,pitch_deg,1.0,100.0
scene-1094_004,3,Car,29.87,mid,68,pitch_deg,1.0,100.0
scene-1094_008,0,Car,20.43,mid,31,pitch_deg,1.0,96.77
scene-1094_008,1,Car,7.94,near,481,pitch_deg,1.0,100.0
scene-1094_008,2,Car,29.19,mid,18,pitch_deg,1.0,100.0
scene-1094_008,3,Car,25.83,mid,62,pitch_deg,1.0,100.0
scene-1094_008,4,Pedestrian,12.27,near,20,pitch_deg,1.0,100.0
scene-1094_012,0,Car,15.87,mid,137,pitch_deg,1.0,100.0
scene-1094_012,1,Car,10.73,near,20,pitch_deg,1.0,90.0
scene-1094_012,2,Car,24.46,mid,15,pitch_deg,1.0,100.0
scene-1094_012,3,Car,23.91,mid,31,pitch_deg,1.0,100.0
scene-1094_012,4,Car,18.66,mid,34,pitch_deg,1.0,100.0
scene-1094_012,5,Car,20.73,mid,121,pitch_deg,1.0,100.0
scene-1094_012,6,Pedestrian,8.71,near,49,pitch_deg,1.0,100.0
scene-1094_016,0,Car,9.18,near,16,pitch_deg,1.0,100.0
scene-1094_016,1,Car,24.05,mid,22,pitch_deg,1.0,100.0
scene-1094_016,2,Car,28.35,mid,20,pitch_deg,1.0,100.0
scene-1094_016,3,Car,34.21,far,17,pitch_deg,1.0,100.0
scene-1094_016,4,Car,15.91,mid,72,pitch_deg,1.0,100.0
scene-1094_016,5,Car,17.51,mid,23,pitch_deg,1.0,100.0
scene-1094_020,0,Car,23.83,mid,21,pitch_deg,1.0,100.0
scene-1094_020,1,Car,20.02,mid,37,pitch_deg,1.0,100.0
scene-1094_020,2,Car,20.89,mid,25,pitch_deg,1.0,96.0
scene-1094_024,0,Car,23.53,mid,30,pitch_deg,1.0,100.0
scene-1094_024,1,Pedestrian,15.87,mid,15,pitch_deg,1.0,100.0
scene-1094_028,0,Pedestrian,7.96,near,49,pitch_deg,1.0,100.0
scene-1094_036,0,Car,30.0,far,17,pitch_deg,1.0,100.0
scene-0103_004,0,Pedestrian,19.83,mid,10,pitch_deg,2.0,80.0
scene-0103_004,1,Pedestrian,15.63,mid,16,pitch_deg,2.0,100.0
scene-0103_004,2,Car,14.34,near,53,pitch_deg,2.0,100.0
scene-0103_008,0,Car,4.87,near,61,pitch_deg,2.0,91.8
scene-0103_008,1,Car,17.71,mid,48,pitch_deg,2.0,100.0
scene-0103_012,0,Car,18.13,mid,47,pitch_deg,2.0,100.0
scene-0103_012,1,Car,16.09,mid,61,pitch_deg,2.0,100.0
scene-0103_012,2,Car,27.04,mid,11,pitch_deg,2.0,100.0
scene-0103_016,0,Car,12.68,near,146,pitch_deg,2.0,100.0
scene-0103_016,1,Car,9.92,near,162,pitch_deg,2.0,100.0
scene-0103_020,0,Car,17.41,mid,17,pitch_deg,2.0,100.0
scene-0103_020,1,Car,37.29,far,10,pitch_deg,2.0,20.0
scene-0103_020,2,Car,21.21,mid,24,pitch_deg,2.0,87.5
scene-0103_020,3,Car,6.82,near,54,pitch_deg,2.0,100.0
scene-0103_020,4,Car,15.08,mid,120,pitch_deg,2.0,100.0
scene-0103_024,0,Car,31.11,far,10,pitch_deg,2.0,100.0
scene-0103_024,1,Car,15.88,mid,10,pitch_deg,2.0,40.0
scene-0103_024,2,Truck,47.52,far,10,pitch_deg,2.0,100.0
scene-0103_024,3,Car,8.96,near,110,pitch_deg,2.0,95.45
scene-0103_024,4,Car,21.57,mid,18,pitch_deg,2.0,100.0
scene-0103_028,0,Car,21.75,mid,27,pitch_deg,2.0,100.0
scene-0103_028,1,Truck,38.05,far,23,pitch_deg,2.0,100.0
scene-0103_028,2,Car,26.59,mid,14,pitch_deg,2.0,100.0
scene-0103_032,0,Car,9.38,near,30,pitch_deg,2.0,100.0
scene-0103_032,1,Car,25.23,mid,22,pitch_deg,2.0,100.0
scene-0103_032,2,Car,33.19,far,10,pitch_deg,2.0,100.0
scene-0103_032,3,Bicycle,17.23,mid,16,pitch_deg,2.0,100.0
scene-0103_032,4,Car,19.21,mid,25,pitch_deg,2.0,100.0
scene-0103_032,5,Truck,25.14,mid,70,pitch_deg,2.0,100.0
scene-0103_032,6,Car,13.76,near,123,pitch_deg,2.0,90.24
scene-0103_036,0,Car,30.75,far,25,pitch_deg,2.0,100.0
scene-0103_036,1,Car,26.76,mid,16,pitch_deg,2.0,56.25
scene-0103_036,2,Car,19.55,mid,17,pitch_deg,2.0,100.0
scene-0103_036,3,Car,10.48,near,107,pitch_deg,2.0,100.0
scene-0103_036,4,Car,18.63,mid,74,pitch_deg,2.0,98.65
scene-0103_036,5,Car,15.65,mid,38,pitch_deg,2.0,100.0
scene-1094_000,0,Car,24.92,mid,33,pitch_deg,2.0,100.0
scene-1094_000,1,Car,7.37,near,463,pitch_deg,2.0,99.57
scene-1094_000,2,Car,30.62,far,61,pitch_deg,2.0,100.0
scene-1094_000,3,Pedestrian,13.98,near,16,pitch_deg,2.0,100.0
scene-1094_004,0,Car,24.19,mid,27,pitch_deg,2.0,88.89
scene-1094_004,1,Car,8.48,near,367,pitch_deg,2.0,98.91
scene-1094_004,2,Car,8.46,near,11,pitch_deg,2.0,81.82
scene-1094_004,3,Car,29.87,mid,68,pitch_deg,2.0,100.0
scene-1094_008,0,Car,20.43,mid,31,pitch_deg,2.0,90.32
scene-1094_008,1,Car,7.94,near,481,pitch_deg,2.0,100.0
scene-1094_008,2,Car,29.19,mid,18,pitch_deg,2.0,100.0
scene-1094_008,3,Car,25.83,mid,62,pitch_deg,2.0,100.0
scene-1094_008,4,Pedestrian,12.27,near,20,pitch_deg,2.0,100.0
scene-1094_012,0,Car,15.87,mid,137,pitch_deg,2.0,100.0
scene-1094_012,1,Car,10.73,near,20,pitch_deg,2.0,85.0
scene-1094_012,2,Car,24.46,mid,15,pitch_deg,2.0,100.0
scene-1094_012,3,Car,23.91,mid,31,pitch_deg,2.0,96.77
scene-1094_012,4,Car,18.66,mid,34,pitch_deg,2.0,100.0
scene-1094_012,5,Car,20.73,mid,121,pitch_deg,2.0,100.0
scene-1094_012,6,Pedestrian,8.71,near,49,pitch_deg,2.0,100.0
scene-1094_016,0,Car,9.18,near,16,pitch_deg,2.0,93.75
scene-1094_016,1,Car,24.05,mid,22,pitch_deg,2.0,100.0
scene-1094_016,2,Car,28.35,mid,20,pitch_deg,2.0,75.0
scene-1094_016,3,Car,34.21,far,17,pitch_deg,2.0,100.0
scene-1094_016,4,Car,15.91,mid,72,pitch_deg,2.0,100.0
scene-1094_016,5,Car,17.51,mid,23,pitch_deg,2.0,60.87
scene-1094_020,0,Car,23.83,mid,21,pitch_deg,2.0,100.0
scene-1094_020,1,Car,20.02,mid,37,pitch_deg,2.0,100.0
scene-1094_020,2,Car,20.89,mid,25,pitch_deg,2.0,96.0
scene-1094_024,0,Car,23.53,mid,30,pitch_deg,2.0,100.0
scene-1094_024,1,Pedestrian,15.87,mid,15,pitch_deg,2.0,100.0
scene-1094_028,0,Pedestrian,7.96,near,49,pitch_deg,2.0,100.0
scene-1094_036,0,Car,30.0,far,17,pitch_deg,2.0,100.0
scene-0103_004,0,Pedestrian,19.83,mid,10,pitch_deg,3.0,80.0
scene-0103_004,1,Pedestrian,15.63,mid,16,pitch_deg,3.0,87.5
scene-0103_004,2,Car,14.34,near,53,pitch_deg,3.0,100.0
scene-0103_008,0,Car,4.87,near,61,pitch_deg,3.0,90.16
scene-0103_008,1,Car,17.71,mid,48,pitch_deg,3.0,100.0
scene-0103_012,0,Car,18.13,mid,47,pitch_deg,3.0,89.36
scene-0103_012,1,Car,16.09,mid,61,pitch_deg,3.0,100.0
scene-0103_012,2,Car,27.04,mid,11,pitch_deg,3.0,100.0
scene-0103_016,0,Car,12.68,near,146,pitch_deg,3.0,94.52
scene-0103_016,1,Car,9.92,near,162,pitch_deg,3.0,100.0
scene-0103_020,0,Car,17.41,mid,17,pitch_deg,3.0,100.0
scene-0103_020,1,Car,37.29,far,10,pitch_deg,3.0,20.0
scene-0103_020,2,Car,21.21,mid,24,pitch_deg,3.0,87.5
scene-0103_020,3,Car,6.82,near,54,pitch_deg,3.0,100.0
scene-0103_020,4,Car,15.08,mid,120,pitch_deg,3.0,91.67
scene-0103_024,0,Car,31.11,far,10,pitch_deg,3.0,100.0
scene-0103_024,1,Car,15.88,mid,10,pitch_deg,3.0,20.0
scene-0103_024,2,Truck,47.52,far,10,pitch_deg,3.0,100.0
scene-0103_024,3,Car,8.96,near,110,pitch_deg,3.0,95.45
scene-0103_024,4,Car,21.57,mid,18,pitch_deg,3.0,100.0
scene-0103_028,0,Car,21.75,mid,27,pitch_deg,3.0,59.26
scene-0103_028,1,Truck,38.05,far,23,pitch_deg,3.0,100.0
scene-0103_028,2,Car,26.59,mid,14,pitch_deg,3.0,100.0
scene-0103_032,0,Car,9.38,near,30,pitch_deg,3.0,100.0
scene-0103_032,1,Car,25.23,mid,22,pitch_deg,3.0,100.0
scene-0103_032,2,Car,33.19,far,10,pitch_deg,3.0,100.0
scene-0103_032,3,Bicycle,17.23,mid,16,pitch_deg,3.0,100.0
scene-0103_032,4,Car,19.21,mid,25,pitch_deg,3.0,100.0
scene-0103_032,5,Truck,25.14,mid,70,pitch_deg,3.0,94.29
scene-0103_032,6,Car,13.76,near,123,pitch_deg,3.0,90.24
scene-0103_036,0,Car,30.75,far,25,pitch_deg,3.0,100.0
scene-0103_036,1,Car,26.76,mid,16,pitch_deg,3.0,56.25
scene-0103_036,2,Car,19.55,mid,17,pitch_deg,3.0,100.0
scene-0103_036,3,Car,10.48,near,107,pitch_deg,3.0,99.07
scene-0103_036,4,Car,18.63,mid,74,pitch_deg,3.0,98.65
scene-0103_036,5,Car,15.65,mid,38,pitch_deg,3.0,100.0
scene-1094_000,0,Car,24.92,mid,33,pitch_deg,3.0,78.79
scene-1094_000,1,Car,7.37,near,463,pitch_deg,3.0,99.14
scene-1094_000,2,Car,30.62,far,61,pitch_deg,3.0,93.44
scene-1094_000,3,Pedestrian,13.98,near,16,pitch_deg,3.0,100.0
scene-1094_004,0,Car,24.19,mid,27,pitch_deg,3.0,85.19
scene-1094_004,1,Car,8.48,near,367,pitch_deg,3.0,98.91
scene-1094_004,2,Car,8.46,near,11,pitch_deg,3.0,81.82
scene-1094_004,3,Car,29.87,mid,68,pitch_deg,3.0,76.47
scene-1094_008,0,Car,20.43,mid,31,pitch_deg,3.0,70.97
scene-1094_008,1,Car,7.94,near,481,pitch_deg,3.0,94.8
scene-1094_008,2,Car,29.19,mid,18,pitch_deg,3.0,100.0
scene-1094_008,3,Car,25.83,mid,62,pitch_deg,3.0,100.0
scene-1094_008,4,Pedestrian,12.27,near,20,pitch_deg,3.0,100.0
scene-1094_012,0,Car,15.87,mid,137,pitch_deg,3.0,100.0
scene-1094_012,1,Car,10.73,near,20,pitch_deg,3.0,80.0
scene-1094_012,2,Car,24.46,mid,15,pitch_deg,3.0,73.33
scene-1094_012,3,Car,23.91,mid,31,pitch_deg,3.0,87.1
scene-1094_012,4,Car,18.66,mid,34,pitch_deg,3.0,100.0
scene-1094_012,5,Car,20.73,mid,121,pitch_deg,3.0,100.0
scene-1094_012,6,Pedestrian,8.71,near,49,pitch_deg,3.0,97.96
scene-1094_016,0,Car,9.18,near,16,pitch_deg,3.0,93.75
scene-1094_016,1,Car,24.05,mid,22,pitch_deg,3.0,90.91
scene-1094_016,2,Car,28.35,mid,20,pitch_deg,3.0,75.0
scene-1094_016,3,Car,34.21,far,17,pitch_deg,3.0,100.0
scene-1094_016,4,Car,15.91,mid,72,pitch_deg,3.0,100.0
scene-1094_016,5,Car,17.51,mid,23,pitch_deg,3.0,60.87
scene-1094_020,0,Car,23.83,mid,21,pitch_deg,3.0,90.48
scene-1094_020,1,Car,20.02,mid,37,pitch_deg,3.0,100.0
scene-1094_020,2,Car,20.89,mid,25,pitch_deg,3.0,88.0
scene-1094_024,0,Car,23.53,mid,30,pitch_deg,3.0,100.0
scene-1094_024,1,Pedestrian,15.87,mid,15,pitch_deg,3.0,93.33
scene-1094_028,0,Pedestrian,7.96,near,49,pitch_deg,3.0,93.88
scene-1094_036,0,Car,30.0,far,17,pitch_deg,3.0,100.0
scene-0103_004,0,Pedestrian,19.83,mid,10,roll_deg,0.5,100.0
scene-0103_004,1,Pedestrian,15.63,mid,16,roll_deg,0.5,100.0
scene-0103_004,2,Car,14.34,near,53,roll_deg,0.5,100.0
scene-0103_008,0,Car,4.87,near,61,roll_deg,0.5,100.0
scene-0103_008,1,Car,17.71,mid,48,roll_deg,0.5,100.0
scene-0103_012,0,Car,18.13,mid,47,roll_deg,0.5,100.0
scene-0103_012,1,Car,16.09,mid,61,roll_deg,0.5,100.0
scene-0103_012,2,Car,27.04,mid,11,roll_deg,0.5,100.0
scene-0103_016,0,Car,12.68,near,146,roll_deg,0.5,100.0
scene-0103_016,1,Car,9.92,near,162,roll_deg,0.5,100.0
scene-0103_020,0,Car,17.41,mid,17,roll_deg,0.5,100.0
scene-0103_020,1,Car,37.29,far,10,roll_deg,0.5,100.0
scene-0103_020,2,Car,21.21,mid,24,roll_deg,0.5,100.0
scene-0103_020,3,Car,6.82,near,54,roll_deg,0.5,100.0
scene-0103_020,4,Car,15.08,mid,120,roll_deg,0.5,100.0
scene-0103_024,0,Car,31.11,far,10,roll_deg,0.5,100.0
scene-0103_024,1,Car,15.88,mid,10,roll_deg,0.5,100.0
scene-0103_024,2,Truck,47.52,far,10,roll_deg,0.5,100.0
scene-0103_024,3,Car,8.96,near,110,roll_deg,0.5,100.0
scene-0103_024,4,Car,21.57,mid,18,roll_deg,0.5,100.0
scene-0103_028,0,Car,21.75,mid,27,roll_deg,0.5,100.0
scene-0103_028,1,Truck,38.05,far,23,roll_deg,0.5,100.0
scene-0103_028,2,Car,26.59,mid,14,roll_deg,0.5,100.0
scene-0103_032,0,Car,9.38,near,30,roll_deg,0.5,100.0
scene-0103_032,1,Car,25.23,mid,22,roll_deg,0.5,100.0
scene-0103_032,2,Car,33.19,far,10,roll_deg,0.5,100.0
scene-0103_032,3,Bicycle,17.23,mid,16,roll_deg,0.5,100.0
scene-0103_032,4,Car,19.21,mid,25,roll_deg,0.5,96.0
scene-0103_032,5,Truck,25.14,mid,70,roll_deg,0.5,100.0
scene-0103_032,6,Car,13.76,near,123,roll_deg,0.5,100.0
scene-0103_036,0,Car,30.75,far,25,roll_deg,0.5,100.0
scene-0103_036,1,Car,26.76,mid,16,roll_deg,0.5,100.0
scene-0103_036,2,Car,19.55,mid,17,roll_deg,0.5,100.0
scene-0103_036,3,Car,10.48,near,107,roll_deg,0.5,100.0
scene-0103_036,4,Car,18.63,mid,74,roll_deg,0.5,100.0
scene-0103_036,5,Car,15.65,mid,38,roll_deg,0.5,100.0
scene-1094_000,0,Car,24.92,mid,33,roll_deg,0.5,100.0
scene-1094_000,1,Car,7.37,near,463,roll_deg,0.5,100.0
scene-1094_000,2,Car,30.62,far,61,roll_deg,0.5,100.0
scene-1094_000,3,Pedestrian,13.98,near,16,roll_deg,0.5,100.0
scene-1094_004,0,Car,24.19,mid,27,roll_deg,0.5,100.0
scene-1094_004,1,Car,8.48,near,367,roll_deg,0.5,98.91
scene-1094_004,2,Car,8.46,near,11,roll_deg,0.5,100.0
scene-1094_004,3,Car,29.87,mid,68,roll_deg,0.5,100.0
scene-1094_008,0,Car,20.43,mid,31,roll_deg,0.5,100.0
scene-1094_008,1,Car,7.94,near,481,roll_deg,0.5,100.0
scene-1094_008,2,Car,29.19,mid,18,roll_deg,0.5,100.0
scene-1094_008,3,Car,25.83,mid,62,roll_deg,0.5,100.0
scene-1094_008,4,Pedestrian,12.27,near,20,roll_deg,0.5,100.0
scene-1094_012,0,Car,15.87,mid,137,roll_deg,0.5,100.0
scene-1094_012,1,Car,10.73,near,20,roll_deg,0.5,100.0
scene-1094_012,2,Car,24.46,mid,15,roll_deg,0.5,100.0
scene-1094_012,3,Car,23.91,mid,31,roll_deg,0.5,100.0
scene-1094_012,4,Car,18.66,mid,34,roll_deg,0.5,100.0
scene-1094_012,5,Car,20.73,mid,121,roll_deg,0.5,100.0
scene-1094_012,6,Pedestrian,8.71,near,49,roll_deg,0.5,100.0
scene-1094_016,0,Car,9.18,near,16,roll_deg,0.5,93.75
scene-1094_016,1,Car,24.05,mid,22,roll_deg,0.5,100.0
scene-1094_016,2,Car,28.35,mid,20,roll_deg,0.5,75.0
scene-1094_016,3,Car,34.21,far,17,roll_deg,0.5,100.0
scene-1094_016,4,Car,15.91,mid,72,roll_deg,0.5,100.0
scene-1094_016,5,Car,17.51,mid,23,roll_deg,0.5,100.0
scene-1094_020,0,Car,23.83,mid,21,roll_deg,0.5,100.0
scene-1094_020,1,Car,20.02,mid,37,roll_deg,0.5,83.78
scene-1094_020,2,Car,20.89,mid,25,roll_deg,0.5,100.0
scene-1094_024,0,Car,23.53,mid,30,roll_deg,0.5,100.0
scene-1094_024,1,Pedestrian,15.87,mid,15,roll_deg,0.5,100.0
scene-1094_028,0,Pedestrian,7.96,near,49,roll_deg,0.5,100.0
scene-1094_036,0,Car,30.0,far,17,roll_deg,0.5,100.0
scene-0103_004,0,Pedestrian,19.83,mid,10,roll_deg,1.0,100.0
scene-0103_004,1,Pedestrian,15.63,mid,16,roll_deg,1.0,100.0
scene-0103_004,2,Car,14.34,near,53,roll_deg,1.0,100.0
scene-0103_008,0,Car,4.87,near,61,roll_deg,1.0,100.0
scene-0103_008,1,Car,17.71,mid,48,roll_deg,1.0,100.0
scene-0103_012,0,Car,18.13,mid,47,roll_deg,1.0,100.0
scene-0103_012,1,Car,16.09,mid,61,roll_deg,1.0,88.52
scene-0103_012,2,Car,27.04,mid,11,roll_deg,1.0,100.0
scene-0103_016,0,Car,12.68,near,146,roll_deg,1.0,96.58
scene-0103_016,1,Car,9.92,near,162,roll_deg,1.0,99.38
scene-0103_020,0,Car,17.41,mid,17,roll_deg,1.0,100.0
scene-0103_020,1,Car,37.29,far,10,roll_deg,1.0,80.0
scene-0103_020,2,Car,21.21,mid,24,roll_deg,1.0,87.5
scene-0103_020,3,Car,6.82,near,54,roll_deg,1.0,100.0
scene-0103_020,4,Car,15.08,mid,120,roll_deg,1.0,90.83
scene-0103_024,0,Car,31.11,far,10,roll_deg,1.0,90.0
scene-0103_024,1,Car,15.88,mid,10,roll_deg,1.0,100.0
scene-0103_024,2,Truck,47.52,far,10,roll_deg,1.0,50.0
scene-0103_024,3,Car,8.96,near,110,roll_deg,1.0,100.0
scene-0103_024,4,Car,21.57,mid,18,roll_deg,1.0,100.0
scene-0103_028,0,Car,21.75,mid,27,roll_deg,1.0,100.0
scene-0103_028,1,Truck,38.05,far,23,roll_deg,1.0,100.0
scene-0103_028,2,Car,26.59,mid,14,roll_deg,1.0,57.14
scene-0103_032,0,Car,9.38,near,30,roll_deg,1.0,100.0
scene-0103_032,1,Car,25.23,mid,22,roll_deg,1.0,59.09
scene-0103_032,2,Car,33.19,far,10,roll_deg,1.0,100.0
scene-0103_032,3,Bicycle,17.23,mid,16,roll_deg,1.0,100.0
scene-0103_032,4,Car,19.21,mid,25,roll_deg,1.0,96.0
scene-0103_032,5,Truck,25.14,mid,70,roll_deg,1.0,100.0
scene-0103_032,6,Car,13.76,near,123,roll_deg,1.0,100.0
scene-0103_036,0,Car,30.75,far,25,roll_deg,1.0,100.0
scene-0103_036,1,Car,26.76,mid,16,roll_deg,1.0,87.5
scene-0103_036,2,Car,19.55,mid,17,roll_deg,1.0,100.0
scene-0103_036,3,Car,10.48,near,107,roll_deg,1.0,100.0
scene-0103_036,4,Car,18.63,mid,74,roll_deg,1.0,100.0
scene-0103_036,5,Car,15.65,mid,38,roll_deg,1.0,100.0
scene-1094_000,0,Car,24.92,mid,33,roll_deg,1.0,100.0
scene-1094_000,1,Car,7.37,near,463,roll_deg,1.0,93.74
scene-1094_000,2,Car,30.62,far,61,roll_deg,1.0,100.0
scene-1094_000,3,Pedestrian,13.98,near,16,roll_deg,1.0,100.0
scene-1094_004,0,Car,24.19,mid,27,roll_deg,1.0,96.3
scene-1094_004,1,Car,8.48,near,367,roll_deg,1.0,98.91
scene-1094_004,2,Car,8.46,near,11,roll_deg,1.0,100.0
scene-1094_004,3,Car,29.87,mid,68,roll_deg,1.0,100.0
scene-1094_008,0,Car,20.43,mid,31,roll_deg,1.0,100.0
scene-1094_008,1,Car,7.94,near,481,roll_deg,1.0,97.09
scene-1094_008,2,Car,29.19,mid,18,roll_deg,1.0,100.0
scene-1094_008,3,Car,25.83,mid,62,roll_deg,1.0,100.0
scene-1094_008,4,Pedestrian,12.27,near,20,roll_deg,1.0,70.0
scene-1094_012,0,Car,15.87,mid,137,roll_deg,1.0,100.0
scene-1094_012,1,Car,10.73,near,20,roll_deg,1.0,100.0
scene-1094_012,2,Car,24.46,mid,15,roll_deg,1.0,100.0
scene-1094_012,3,Car,23.91,mid,31,roll_deg,1.0,93.55
scene-1094_012,4,Car,18.66,mid,34,roll_deg,1.0,100.0
scene-1094_012,5,Car,20.73,mid,121,roll_deg,1.0,100.0
scene-1094_012,6,Pedestrian,8.71,near,49,roll_deg,1.0,100.0
scene-1094_016,0,Car,9.18,near,16,roll_deg,1.0,100.0
scene-1094_016,1,Car,24.05,mid,22,roll_deg,1.0,100.0
scene-1094_016,2,Car,28.35,mid,20,roll_deg,1.0,75.0
scene-1094_016,3,Car,34.21,far,17,roll_deg,1.0,23.53
scene-1094_016,4,Car,15.91,mid,72,roll_deg,1.0,100.0
scene-1094_016,5,Car,17.51,mid,23,roll_deg,1.0,100.0
scene-1094_020,0,Car,23.83,mid,21,roll_deg,1.0,100.0
scene-1094_020,1,Car,20.02,mid,37,roll_deg,1.0,83.78
scene-1094_020,2,Car,20.89,mid,25,roll_deg,1.0,100.0
scene-1094_024,0,Car,23.53,mid,30,roll_deg,1.0,100.0
scene-1094_024,1,Pedestrian,15.87,mid,15,roll_deg,1.0,93.33
scene-1094_028,0,Pedestrian,7.96,near,49,roll_deg,1.0,93.88
scene-1094_036,0,Car,30.0,far,17,roll_deg,1.0,100.0
scene-0103_004,0,Pedestrian,19.83,mid,10,roll_deg,2.0,80.0
scene-0103_004,1,Pedestrian,15.63,mid,16,roll_deg,2.0,87.5
scene-0103_004,2,Car,14.34,near,53,roll_deg,2.0,92.45
scene-0103_008,0,Car,4.87,near,61,roll_deg,2.0,100.0
scene-0103_008,1,Car,17.71,mid,48,roll_deg,2.0,100.0
scene-0103_012,0,Car,18.13,mid,47,roll_deg,2.0,80.85
scene-0103_012,1,Car,16.09,mid,61,roll_deg,2.0,88.52
scene-0103_012,2,Car,27.04,mid,11,roll_deg,2.0,90.91
scene-0103_016,0,Car,12.68,near,146,roll_deg,2.0,85.62
scene-0103_016,1,Car,9.92,near,162,roll_deg,2.0,91.36
scene-0103_020,0,Car,17.41,mid,17,roll_deg,2.0,64.71
scene-0103_020,1,Car,37.29,far,10,roll_deg,2.0,80.0
scene-0103_020,2,Car,21.21,mid,24,roll_deg,2.0,87.5
scene-0103_020,3,Car,6.82,near,54,roll_deg,2.0,100.0
scene-0103_020,4,Car,15.08,mid,120,roll_deg,2.0,88.33
scene-0103_024,0,Car,31.11,far,10,roll_deg,2.0,90.0
scene-0103_024,1,Car,15.88,mid,10,roll_deg,2.0,20.0
scene-0103_024,2,Truck,47.52,far,10,roll_deg,2.0,50.0
scene-0103_024,3,Car,8.96,near,110,roll_deg,2.0,100.0
scene-0103_024,4,Car,21.57,mid,18,roll_deg,2.0,100.0
scene-0103_028,0,Car,21.75,mid,27,roll_deg,2.0,88.89
scene-0103_028,1,Truck,38.05,far,23,roll_deg,2.0,47.83
scene-0103_028,2,Car,26.59,mid,14,roll_deg,2.0,50.0
scene-0103_032,0,Car,9.38,near,30,roll_deg,2.0,100.0
scene-0103_032,1,Car,25.23,mid,22,roll_deg,2.0,59.09
scene-0103_032,2,Car,33.19,far,10,roll_deg,2.0,20.0
scene-0103_032,3,Bicycle,17.23,mid,16,roll_deg,2.0,75.0
scene-0103_032,4,Car,19.21,mid,25,roll_deg,2.0,84.0
scene-0103_032,5,Truck,25.14,mid,70,roll_deg,2.0,87.14
scene-0103_032,6,Car,13.76,near,123,roll_deg,2.0,91.87
scene-0103_036,0,Car,30.75,far,25,roll_deg,2.0,72.0
scene-0103_036,1,Car,26.76,mid,16,roll_deg,2.0,87.5
scene-0103_036,2,Car,19.55,mid,17,roll_deg,2.0,88.24
scene-0103_036,3,Car,10.48,near,107,roll_deg,2.0,94.39
scene-0103_036,4,Car,18.63,mid,74,roll_deg,2.0,93.24
scene-0103_036,5,Car,15.65,mid,38,roll_deg,2.0,89.47
scene-1094_000,0,Car,24.92,mid,33,roll_deg,2.0,78.79
scene-1094_000,1,Car,7.37,near,463,roll_deg,2.0,92.22
scene-1094_000,2,Car,30.62,far,61,roll_deg,2.0,63.93
scene-1094_000,3,Pedestrian,13.98,near,16,roll_deg,2.0,87.5
scene-1094_004,0,Car,24.19,mid,27,roll_deg,2.0,85.19
scene-1094_004,1,Car,8.48,near,367,roll_deg,2.0,90.74
scene-1094_004,2,Car,8.46,near,11,roll_deg,2.0,90.91
scene-1094_004,3,Car,29.87,mid,68,roll_deg,2.0,66.18
scene-1094_008,0,Car,20.43,mid,31,roll_deg,2.0,74.19
scene-1094_008,1,Car,7.94,near,481,roll_deg,2.0,91.68
scene-1094_008,2,Car,29.19,mid,18,roll_deg,2.0,44.44
scene-1094_008,3,Car,25.83,mid,62,roll_deg,2.0,53.23
scene-1094_008,4,Pedestrian,12.27,near,20,roll_deg,2.0,70.0
scene-1094_012,0,Car,15.87,mid,137,roll_deg,2.0,85.4
scene-1094_012,1,Car,10.73,near,20,roll_deg,2.0,100.0
scene-1094_012,2,Car,24.46,mid,15,roll_deg,2.0,73.33
scene-1094_012,3,Car,23.91,mid,31,roll_deg,2.0,93.55
scene-1094_012,4,Car,18.66,mid,34,roll_deg,2.0,79.41
scene-1094_012,5,Car,20.73,mid,121,roll_deg,2.0,100.0
scene-1094_012,6,Pedestrian,8.71,near,49,roll_deg,2.0,83.67
scene-1094_016,0,Car,9.18,near,16,roll_deg,2.0,93.75
scene-1094_016,1,Car,24.05,mid,22,roll_deg,2.0,100.0
scene-1094_016,2,Car,28.35,mid,20,roll_deg,2.0,25.0
scene-1094_016,3,Car,34.21,far,17,roll_deg,2.0,23.53
scene-1094_016,4,Car,15.91,mid,72,roll_deg,2.0,100.0
scene-1094_016,5,Car,17.51,mid,23,roll_deg,2.0,91.3
scene-1094_020,0,Car,23.83,mid,21,roll_deg,2.0,38.1
scene-1094_020,1,Car,20.02,mid,37,roll_deg,2.0,75.68
scene-1094_020,2,Car,20.89,mid,25,roll_deg,2.0,96.0
scene-1094_024,0,Car,23.53,mid,30,roll_deg,2.0,70.0
scene-1094_024,1,Pedestrian,15.87,mid,15,roll_deg,2.0,93.33
scene-1094_028,0,Pedestrian,7.96,near,49,roll_deg,2.0,93.88
scene-1094_036,0,Car,30.0,far,17,roll_deg,2.0,47.06
scene-0103_004,0,Pedestrian,19.83,mid,10,roll_deg,3.0,50.0
scene-0103_004,1,Pedestrian,15.63,mid,16,roll_deg,3.0,87.5
scene-0103_004,2,Car,14.34,near,53,roll_deg,3.0,84.91
scene-0103_008,0,Car,4.87,near,61,roll_deg,3.0,100.0
scene-0103_008,1,Car,17.71,mid,48,roll_deg,3.0,79.17
scene-0103_012,0,Car,18.13,mid,47,roll_deg,3.0,72.34
scene-0103_012,1,Car,16.09,mid,61,roll_deg,3.0,78.69
scene-0103_012,2,Car,27.04,mid,11,roll_deg,3.0,0.0
scene-0103_016,0,Car,12.68,near,146,roll_deg,3.0,72.6
scene-0103_016,1,Car,9.92,near,162,roll_deg,3.0,83.95
scene-0103_020,0,Car,17.41,mid,17,roll_deg,3.0,47.06
scene-0103_020,1,Car,37.29,far,10,roll_deg,3.0,0.0
scene-0103_020,2,Car,21.21,mid,24,roll_deg,3.0,58.33
scene-0103_020,3,Car,6.82,near,54,roll_deg,3.0,100.0
scene-0103_020,4,Car,15.08,mid,120,roll_deg,3.0,75.0
scene-0103_024,0,Car,31.11,far,10,roll_deg,3.0,0.0
scene-0103_024,1,Car,15.88,mid,10,roll_deg,3.0,0.0
scene-0103_024,2,Truck,47.52,far,10,roll_deg,3.0,20.0
scene-0103_024,3,Car,8.96,near,110,roll_deg,3.0,91.82
scene-0103_024,4,Car,21.57,mid,18,roll_deg,3.0,100.0
scene-0103_028,0,Car,21.75,mid,27,roll_deg,3.0,40.74
scene-0103_028,1,Truck,38.05,far,23,roll_deg,3.0,17.39
scene-0103_028,2,Car,26.59,mid,14,roll_deg,3.0,35.71
scene-0103_032,0,Car,9.38,near,30,roll_deg,3.0,100.0
scene-0103_032,1,Car,25.23,mid,22,roll_deg,3.0,31.82
scene-0103_032,2,Car,33.19,far,10,roll_deg,3.0,20.0
scene-0103_032,3,Bicycle,17.23,mid,16,roll_deg,3.0,75.0
scene-0103_032,4,Car,19.21,mid,25,roll_deg,3.0,80.0
scene-0103_032,5,Truck,25.14,mid,70,roll_deg,3.0,54.29
scene-0103_032,6,Car,13.76,near,123,roll_deg,3.0,91.06
scene-0103_036,0,Car,30.75,far,25,roll_deg,3.0,48.0
scene-0103_036,1,Car,26.76,mid,16,roll_deg,3.0,43.75
scene-0103_036,2,Car,19.55,mid,17,roll_deg,3.0,64.71
scene-0103_036,3,Car,10.48,near,107,roll_deg,3.0,90.65
scene-0103_036,4,Car,18.63,mid,74,roll_deg,3.0,93.24
scene-0103_036,5,Car,15.65,mid,38,roll_deg,3.0,89.47
scene-1094_000,0,Car,24.92,mid,33,roll_deg,3.0,30.3
scene-1094_000,1,Car,7.37,near,463,roll_deg,3.0,90.5
scene-1094_000,2,Car,30.62,far,61,roll_deg,3.0,32.79
scene-1094_000,3,Pedestrian,13.98,near,16,roll_deg,3.0,68.75
scene-1094_004,0,Car,24.19,mid,27,roll_deg,3.0,33.33
scene-1094_004,1,Car,8.48,near,367,roll_deg,3.0,86.38
scene-1094_004,2,Car,8.46,near,11,roll_deg,3.0,90.91
scene-1094_004,3,Car,29.87,mid,68,roll_deg,3.0,33.82
scene-1094_008,0,Car,20.43,mid,31,roll_deg,3.0,54.84
scene-1094_008,1,Car,7.94,near,481,roll_deg,3.0,87.32
scene-1094_008,2,Car,29.19,mid,18,roll_deg,3.0,0.0
scene-1094_008,3,Car,25.83,mid,62,roll_deg,3.0,53.23
scene-1094_008,4,Pedestrian,12.27,near,20,roll_deg,3.0,60.0
scene-1094_012,0,Car,15.87,mid,137,roll_deg,3.0,70.07
scene-1094_012,1,Car,10.73,near,20,roll_deg,3.0,100.0
scene-1094_012,2,Car,24.46,mid,15,roll_deg,3.0,0.0
scene-1094_012,3,Car,23.91,mid,31,roll_deg,3.0,12.9
scene-1094_012,4,Car,18.66,mid,34,roll_deg,3.0,76.47
scene-1094_012,5,Car,20.73,mid,121,roll_deg,3.0,71.9
scene-1094_012,6,Pedestrian,8.71,near,49,roll_deg,3.0,51.02
scene-1094_016,0,Car,9.18,near,16,roll_deg,3.0,87.5
scene-1094_016,1,Car,24.05,mid,22,roll_deg,3.0,18.18
scene-1094_016,2,Car,28.35,mid,20,roll_deg,3.0,25.0
scene-1094_016,3,Car,34.21,far,17,roll_deg,3.0,0.0
scene-1094_016,4,Car,15.91,mid,72,roll_deg,3.0,77.78
scene-1094_016,5,Car,17.51,mid,23,roll_deg,3.0,52.17
scene-1094_020,0,Car,23.83,mid,21,roll_deg,3.0,38.1
scene-1094_020,1,Car,20.02,mid,37,roll_deg,3.0,75.68
scene-1094_020,2,Car,20.89,mid,25,roll_deg,3.0,36.0
scene-1094_024,0,Car,23.53,mid,30,roll_deg,3.0,70.0
scene-1094_024,1,Pedestrian,15.87,mid,15,roll_deg,3.0,66.67
scene-1094_028,0,Pedestrian,7.96,near,49,roll_deg,3.0,85.71
scene-1094_036,0,Car,30.0,far,17,roll_deg,3.0,0.0
scene-0103_004,0,Pedestrian,19.83,mid,10,tx_m,0.02,100.0
scene-0103_004,1,Pedestrian,15.63,mid,16,tx_m,0.02,100.0
scene-0103_004,2,Car,14.34,near,53,tx_m,0.02,100.0
scene-0103_008,0,Car,4.87,near,61,tx_m,0.02,100.0
scene-0103_008,1,Car,17.71,mid,48,tx_m,0.02,100.0
scene-0103_012,0,Car,18.13,mid,47,tx_m,0.02,100.0
scene-0103_012,1,Car,16.09,mid,61,tx_m,0.02,100.0
scene-0103_012,2,Car,27.04,mid,11,tx_m,0.02,100.0
scene-0103_016,0,Car,12.68,near,146,tx_m,0.02,100.0
scene-0103_016,1,Car,9.92,near,162,tx_m,0.02,97.53
scene-0103_020,0,Car,17.41,mid,17,tx_m,0.02,100.0
scene-0103_020,1,Car,37.29,far,10,tx_m,0.02,100.0
scene-0103_020,2,Car,21.21,mid,24,tx_m,0.02,100.0
scene-0103_020,3,Car,6.82,near,54,tx_m,0.02,98.15
scene-0103_020,4,Car,15.08,mid,120,tx_m,0.02,100.0
scene-0103_024,0,Car,31.11,far,10,tx_m,0.02,100.0
scene-0103_024,1,Car,15.88,mid,10,tx_m,0.02,100.0
scene-0103_024,2,Truck,47.52,far,10,tx_m,0.02,100.0
scene-0103_024,3,Car,8.96,near,110,tx_m,0.02,100.0
scene-0103_024,4,Car,21.57,mid,18,tx_m,0.02,100.0
scene-0103_028,0,Car,21.75,mid,27,tx_m,0.02,100.0
scene-0103_028,1,Truck,38.05,far,23,tx_m,0.02,100.0
scene-0103_028,2,Car,26.59,mid,14,tx_m,0.02,100.0
scene-0103_032,0,Car,9.38,near,30,tx_m,0.02,100.0
scene-0103_032,1,Car,25.23,mid,22,tx_m,0.02,100.0
scene-0103_032,2,Car,33.19,far,10,tx_m,0.02,100.0
scene-0103_032,3,Bicycle,17.23,mid,16,tx_m,0.02,100.0
scene-0103_032,4,Car,19.21,mid,25,tx_m,0.02,100.0
scene-0103_032,5,Truck,25.14,mid,70,tx_m,0.02,100.0
scene-0103_032,6,Car,13.76,near,123,tx_m,0.02,100.0
scene-0103_036,0,Car,30.75,far,25,tx_m,0.02,100.0
scene-0103_036,1,Car,26.76,mid,16,tx_m,0.02,100.0
scene-0103_036,2,Car,19.55,mid,17,tx_m,0.02,100.0
scene-0103_036,3,Car,10.48,near,107,tx_m,0.02,99.07
scene-0103_036,4,Car,18.63,mid,74,tx_m,0.02,100.0
scene-0103_036,5,Car,15.65,mid,38,tx_m,0.02,100.0
scene-1094_000,0,Car,24.92,mid,33,tx_m,0.02,100.0
scene-1094_000,1,Car,7.37,near,463,tx_m,0.02,100.0
scene-1094_000,2,Car,30.62,far,61,tx_m,0.02,100.0
scene-1094_000,3,Pedestrian,13.98,near,16,tx_m,0.02,100.0
scene-1094_004,0,Car,24.19,mid,27,tx_m,0.02,100.0
scene-1094_004,1,Car,8.48,near,367,tx_m,0.02,100.0
scene-1094_004,2,Car,8.46,near,11,tx_m,0.02,81.82
scene-1094_004,3,Car,29.87,mid,68,tx_m,0.02,100.0
scene-1094_008,0,Car,20.43,mid,31,tx_m,0.02,100.0
scene-1094_008,1,Car,7.94,near,481,tx_m,0.02,100.0
scene-1094_008,2,Car,29.19,mid,18,tx_m,0.02,100.0
scene-1094_008,3,Car,25.83,mid,62,tx_m,0.02,100.0
scene-1094_008,4,Pedestrian,12.27,near,20,tx_m,0.02,100.0
scene-1094_012,0,Car,15.87,mid,137,tx_m,0.02,100.0
scene-1094_012,1,Car,10.73,near,20,tx_m,0.02,100.0
scene-1094_012,2,Car,24.46,mid,15,tx_m,0.02,100.0
scene-1094_012,3,Car,23.91,mid,31,tx_m,0.02,100.0
scene-1094_012,4,Car,18.66,mid,34,tx_m,0.02,100.0
scene-1094_012,5,Car,20.73,mid,121,tx_m,0.02,100.0
scene-1094_012,6,Pedestrian,8.71,near,49,tx_m,0.02,100.0
scene-1094_016,0,Car,9.18,near,16,tx_m,0.02,62.5
scene-1094_016,1,Car,24.05,mid,22,tx_m,0.02,100.0
scene-1094_016,2,Car,28.35,mid,20,tx_m,0.02,100.0
scene-1094_016,3,Car,34.21,far,17,tx_m,0.02,100.0
scene-1094_016,4,Car,15.91,mid,72,tx_m,0.02,100.0
scene-1094_016,5,Car,17.51,mid,23,tx_m,0.02,100.0
scene-1094_020,0,Car,23.83,mid,21,tx_m,0.02,100.0
scene-1094_020,1,Car,20.02,mid,37,tx_m,0.02,100.0
scene-1094_020,2,Car,20.89,mid,25,tx_m,0.02,100.0
scene-1094_024,0,Car,23.53,mid,30,tx_m,0.02,100.0
scene-1094_024,1,Pedestrian,15.87,mid,15,tx_m,0.02,100.0
scene-1094_028,0,Pedestrian,7.96,near,49,tx_m,0.02,100.0
scene-1094_036,0,Car,30.0,far,17,tx_m,0.02,100.0
scene-0103_004,0,Pedestrian,19.83,mid,10,tx_m,0.05,100.0
scene-0103_004,1,Pedestrian,15.63,mid,16,tx_m,0.05,100.0
scene-0103_004,2,Car,14.34,near,53,tx_m,0.05,100.0
scene-0103_008,0,Car,4.87,near,61,tx_m,0.05,100.0
scene-0103_008,1,Car,17.71,mid,48,tx_m,0.05,100.0
scene-0103_012,0,Car,18.13,mid,47,tx_m,0.05,100.0
scene-0103_012,1,Car,16.09,mid,61,tx_m,0.05,100.0
scene-0103_012,2,Car,27.04,mid,11,tx_m,0.05,100.0
scene-0103_016,0,Car,12.68,near,146,tx_m,0.05,100.0
scene-0103_016,1,Car,9.92,near,162,tx_m,0.05,96.91
scene-0103_020,0,Car,17.41,mid,17,tx_m,0.05,100.0
scene-0103_020,1,Car,37.29,far,10,tx_m,0.05,100.0
scene-0103_020,2,Car,21.21,mid,24,tx_m,0.05,100.0
scene-0103_020,3,Car,6.82,near,54,tx_m,0.05,90.74
scene-0103_020,4,Car,15.08,mid,120,tx_m,0.05,100.0
scene-0103_024,0,Car,31.11,far,10,tx_m,0.05,100.0
scene-0103_024,1,Car,15.88,mid,10,tx_m,0.05,100.0
scene-0103_024,2,Truck,47.52,far,10,tx_m,0.05,90.0
scene-0103_024,3,Car,8.96,near,110,tx_m,0.05,100.0
scene-0103_024,4,Car,21.57,mid,18,tx_m,0.05,100.0
scene-0103_028,0,Car,21.75,mid,27,tx_m,0.05,100.0
scene-0103_028,1,Truck,38.05,far,23,tx_m,0.05,100.0
scene-0103_028,2,Car,26.59,mid,14,tx_m,0.05,100.0
scene-0103_032,0,Car,9.38,near,30,tx_m,0.05,93.33
scene-0103_032,1,Car,25.23,mid,22,tx_m,0.05,100.0
scene-0103_032,2,Car,33.19,far,10,tx_m,0.05,100.0
scene-0103_032,3,Bicycle,17.23,mid,16,tx_m,0.05,100.0
scene-0103_032,4,Car,19.21,mid,25,tx_m,0.05,100.0
scene-0103_032,5,Truck,25.14,mid,70,tx_m,0.05,100.0
scene-0103_032,6,Car,13.76,near,123,tx_m,0.05,100.0
scene-0103_036,0,Car,30.75,far,25,tx_m,0.05,100.0
scene-0103_036,1,Car,26.76,mid,16,tx_m,0.05,100.0
scene-0103_036,2,Car,19.55,mid,17,tx_m,0.05,100.0
scene-0103_036,3,Car,10.48,near,107,tx_m,0.05,98.13
scene-0103_036,4,Car,18.63,mid,74,tx_m,0.05,100.0
scene-0103_036,5,Car,15.65,mid,38,tx_m,0.05,100.0
scene-1094_000,0,Car,24.92,mid,33,tx_m,0.05,100.0
scene-1094_000,1,Car,7.37,near,463,tx_m,0.05,100.0
scene-1094_000,2,Car,30.62,far,61,tx_m,0.05,100.0
scene-1094_000,3,Pedestrian,13.98,near,16,tx_m,0.05,100.0
scene-1094_004,0,Car,24.19,mid,27,tx_m,0.05,100.0
scene-1094_004,1,Car,8.48,near,367,tx_m,0.05,100.0
scene-1094_004,2,Car,8.46,near,11,tx_m,0.05,81.82
scene-1094_004,3,Car,29.87,mid,68,tx_m,0.05,100.0
scene-1094_008,0,Car,20.43,mid,31,tx_m,0.05,100.0
scene-1094_008,1,Car,7.94,near,481,tx_m,0.05,100.0
scene-1094_008,2,Car,29.19,mid,18,tx_m,0.05,100.0
scene-1094_008,3,Car,25.83,mid,62,tx_m,0.05,100.0
scene-1094_008,4,Pedestrian,12.27,near,20,tx_m,0.05,100.0
scene-1094_012,0,Car,15.87,mid,137,tx_m,0.05,100.0
scene-1094_012,1,Car,10.73,near,20,tx_m,0.05,100.0
scene-1094_012,2,Car,24.46,mid,15,tx_m,0.05,100.0
scene-1094_012,3,Car,23.91,mid,31,tx_m,0.05,100.0
scene-1094_012,4,Car,18.66,mid,34,tx_m,0.05,100.0
scene-1094_012,5,Car,20.73,mid,121,tx_m,0.05,100.0
scene-1094_012,6,Pedestrian,8.71,near,49,tx_m,0.05,100.0
scene-1094_016,0,Car,9.18,near,16,tx_m,0.05,62.5
scene-1094_016,1,Car,24.05,mid,22,tx_m,0.05,100.0
scene-1094_016,2,Car,28.35,mid,20,tx_m,0.05,100.0
scene-1094_016,3,Car,34.21,far,17,tx_m,0.05,100.0
scene-1094_016,4,Car,15.91,mid,72,tx_m,0.05,100.0
scene-1094_016,5,Car,17.51,mid,23,tx_m,0.05,100.0
scene-1094_020,0,Car,23.83,mid,21,tx_m,0.05,95.24
scene-1094_020,1,Car,20.02,mid,37,tx_m,0.05,100.0
scene-1094_020,2,Car,20.89,mid,25,tx_m,0.05,100.0
scene-1094_024,0,Car,23.53,mid,30,tx_m,0.05,100.0
scene-1094_024,1,Pedestrian,15.87,mid,15,tx_m,0.05,93.33
scene-1094_028,0,Pedestrian,7.96,near,49,tx_m,0.05,100.0
scene-1094_036,0,Car,30.0,far,17,tx_m,0.05,100.0
scene-0103_004,0,Pedestrian,19.83,mid,10,tx_m,0.1,100.0
scene-0103_004,1,Pedestrian,15.63,mid,16,tx_m,0.1,100.0
scene-0103_004,2,Car,14.34,near,53,tx_m,0.1,100.0
scene-0103_008,0,Car,4.87,near,61,tx_m,0.1,98.36
scene-0103_008,1,Car,17.71,mid,48,tx_m,0.1,100.0
scene-0103_012,0,Car,18.13,mid,47,tx_m,0.1,100.0
scene-0103_012,1,Car,16.09,mid,61,tx_m,0.1,100.0
scene-0103_012,2,Car,27.04,mid,11,tx_m,0.1,100.0
scene-0103_016,0,Car,12.68,near,146,tx_m,0.1,100.0
scene-0103_016,1,Car,9.92,near,162,tx_m,0.1,94.44
scene-0103_020,0,Car,17.41,mid,17,tx_m,0.1,100.0
scene-0103_020,1,Car,37.29,far,10,tx_m,0.1,100.0
scene-0103_020,2,Car,21.21,mid,24,tx_m,0.1,100.0
scene-0103_020,3,Car,6.82,near,54,tx_m,0.1,85.19
scene-0103_020,4,Car,15.08,mid,120,tx_m,0.1,100.0
scene-0103_024,0,Car,31.11,far,10,tx_m,0.1,100.0
scene-0103_024,1,Car,15.88,mid,10,tx_m,0.1,100.0
scene-0103_024,2,Truck,47.52,far,10,tx_m,0.1,90.0
scene-0103_024,3,Car,8.96,near,110,tx_m,0.1,100.0
scene-0103_024,4,Car,21.57,mid,18,tx_m,0.1,100.0
scene-0103_028,0,Car,21.75,mid,27,tx_m,0.1,100.0
scene-0103_028,1,Truck,38.05,far,23,tx_m,0.1,100.0
scene-0103_028,2,Car,26.59,mid,14,tx_m,0.1,100.0
scene-0103_032,0,Car,9.38,near,30,tx_m,0.1,90.0
scene-0103_032,1,Car,25.23,mid,22,tx_m,0.1,100.0
scene-0103_032,2,Car,33.19,far,10,tx_m,0.1,100.0
scene-0103_032,3,Bicycle,17.23,mid,16,tx_m,0.1,100.0
scene-0103_032,4,Car,19.21,mid,25,tx_m,0.1,100.0
scene-0103_032,5,Truck,25.14,mid,70,tx_m,0.1,100.0
scene-0103_032,6,Car,13.76,near,123,tx_m,0.1,100.0
scene-0103_036,0,Car,30.75,far,25,tx_m,0.1,100.0
scene-0103_036,1,Car,26.76,mid,16,tx_m,0.1,100.0
scene-0103_036,2,Car,19.55,mid,17,tx_m,0.1,100.0
scene-0103_036,3,Car,10.48,near,107,tx_m,0.1,93.46
scene-0103_036,4,Car,18.63,mid,74,tx_m,0.1,100.0
scene-0103_036,5,Car,15.65,mid,38,tx_m,0.1,100.0
scene-1094_000,0,Car,24.92,mid,33,tx_m,0.1,100.0
scene-1094_000,1,Car,7.37,near,463,tx_m,0.1,100.0
scene-1094_000,2,Car,30.62,far,61,tx_m,0.1,100.0
scene-1094_000,3,Pedestrian,13.98,near,16,tx_m,0.1,100.0
scene-1094_004,0,Car,24.19,mid,27,tx_m,0.1,100.0
scene-1094_004,1,Car,8.48,near,367,tx_m,0.1,100.0
scene-1094_004,2,Car,8.46,near,11,tx_m,0.1,54.55
scene-1094_004,3,Car,29.87,mid,68,tx_m,0.1,100.0
scene-1094_008,0,Car,20.43,mid,31,tx_m,0.1,100.0
scene-1094_008,1,Car,7.94,near,481,tx_m,0.1,100.0
scene-1094_008,2,Car,29.19,mid,18,tx_m,0.1,100.0
scene-1094_008,3,Car,25.83,mid,62,tx_m,0.1,100.0
scene-1094_008,4,Pedestrian,12.27,near,20,tx_m,0.1,100.0
scene-1094_012,0,Car,15.87,mid,137,tx_m,0.1,100.0
scene-1094_012,1,Car,10.73,near,20,tx_m,0.1,100.0
scene-1094_012,2,Car,24.46,mid,15,tx_m,0.1,100.0
scene-1094_012,3,Car,23.91,mid,31,tx_m,0.1,100.0
scene-1094_012,4,Car,18.66,mid,34,tx_m,0.1,100.0
scene-1094_012,5,Car,20.73,mid,121,tx_m,0.1,100.0
scene-1094_012,6,Pedestrian,8.71,near,49,tx_m,0.1,100.0
scene-1094_016,0,Car,9.18,near,16,tx_m,0.1,31.25
scene-1094_016,1,Car,24.05,mid,22,tx_m,0.1,100.0
scene-1094_016,2,Car,28.35,mid,20,tx_m,0.1,100.0
scene-1094_016,3,Car,34.21,far,17,tx_m,0.1,100.0
scene-1094_016,4,Car,15.91,mid,72,tx_m,0.1,98.61
scene-1094_016,5,Car,17.51,mid,23,tx_m,0.1,100.0
scene-1094_020,0,Car,23.83,mid,21,tx_m,0.1,85.71
scene-1094_020,1,Car,20.02,mid,37,tx_m,0.1,100.0
scene-1094_020,2,Car,20.89,mid,25,tx_m,0.1,100.0
scene-1094_024,0,Car,23.53,mid,30,tx_m,0.1,100.0
scene-1094_024,1,Pedestrian,15.87,mid,15,tx_m,0.1,93.33
scene-1094_028,0,Pedestrian,7.96,near,49,tx_m,0.1,93.88
scene-1094_036,0,Car,30.0,far,17,tx_m,0.1,100.0
scene-0103_004,0,Pedestrian,19.83,mid,10,ty_m,0.02,100.0
scene-0103_004,1,Pedestrian,15.63,mid,16,ty_m,0.02,100.0
scene-0103_004,2,Car,14.34,near,53,ty_m,0.02,100.0
scene-0103_008,0,Car,4.87,near,61,ty_m,0.02,100.0
scene-0103_008,1,Car,17.71,mid,48,ty_m,0.02,100.0
scene-0103_012,0,Car,18.13,mid,47,ty_m,0.02,100.0
scene-0103_012,1,Car,16.09,mid,61,ty_m,0.02,100.0
scene-0103_012,2,Car,27.04,mid,11,ty_m,0.02,100.0
scene-0103_016,0,Car,12.68,near,146,ty_m,0.02,100.0
scene-0103_016,1,Car,9.92,near,162,ty_m,0.02,100.0
scene-0103_020,0,Car,17.41,mid,17,ty_m,0.02,100.0
scene-0103_020,1,Car,37.29,far,10,ty_m,0.02,100.0
scene-0103_020,2,Car,21.21,mid,24,ty_m,0.02,100.0
scene-0103_020,3,Car,6.82,near,54,ty_m,0.02,100.0
scene-0103_020,4,Car,15.08,mid,120,ty_m,0.02,100.0
scene-0103_024,0,Car,31.11,far,10,ty_m,0.02,100.0
scene-0103_024,1,Car,15.88,mid,10,ty_m,0.02,100.0
scene-0103_024,2,Truck,47.52,far,10,ty_m,0.02,100.0
scene-0103_024,3,Car,8.96,near,110,ty_m,0.02,100.0
scene-0103_024,4,Car,21.57,mid,18,ty_m,0.02,100.0
scene-0103_028,0,Car,21.75,mid,27,ty_m,0.02,100.0
scene-0103_028,1,Truck,38.05,far,23,ty_m,0.02,100.0
scene-0103_028,2,Car,26.59,mid,14,ty_m,0.02,100.0
scene-0103_032,0,Car,9.38,near,30,ty_m,0.02,100.0
scene-0103_032,1,Car,25.23,mid,22,ty_m,0.02,100.0
scene-0103_032,2,Car,33.19,far,10,ty_m,0.02,100.0
scene-0103_032,3,Bicycle,17.23,mid,16,ty_m,0.02,100.0
scene-0103_032,4,Car,19.21,mid,25,ty_m,0.02,100.0
scene-0103_032,5,Truck,25.14,mid,70,ty_m,0.02,100.0
scene-0103_032,6,Car,13.76,near,123,ty_m,0.02,100.0
scene-0103_036,0,Car,30.75,far,25,ty_m,0.02,100.0
scene-0103_036,1,Car,26.76,mid,16,ty_m,0.02,100.0
scene-0103_036,2,Car,19.55,mid,17,ty_m,0.02,100.0
scene-0103_036,3,Car,10.48,near,107,ty_m,0.02,100.0
scene-0103_036,4,Car,18.63,mid,74,ty_m,0.02,100.0
scene-0103_036,5,Car,15.65,mid,38,ty_m,0.02,100.0
scene-1094_000,0,Car,24.92,mid,33,ty_m,0.02,100.0
scene-1094_000,1,Car,7.37,near,463,ty_m,0.02,100.0
scene-1094_000,2,Car,30.62,far,61,ty_m,0.02,100.0
scene-1094_000,3,Pedestrian,13.98,near,16,ty_m,0.02,100.0
scene-1094_004,0,Car,24.19,mid,27,ty_m,0.02,100.0
scene-1094_004,1,Car,8.48,near,367,ty_m,0.02,100.0
scene-1094_004,2,Car,8.46,near,11,ty_m,0.02,100.0
scene-1094_004,3,Car,29.87,mid,68,ty_m,0.02,100.0
scene-1094_008,0,Car,20.43,mid,31,ty_m,0.02,100.0
scene-1094_008,1,Car,7.94,near,481,ty_m,0.02,100.0
scene-1094_008,2,Car,29.19,mid,18,ty_m,0.02,100.0
scene-1094_008,3,Car,25.83,mid,62,ty_m,0.02,100.0
scene-1094_008,4,Pedestrian,12.27,near,20,ty_m,0.02,100.0
scene-1094_012,0,Car,15.87,mid,137,ty_m,0.02,100.0
scene-1094_012,1,Car,10.73,near,20,ty_m,0.02,100.0
scene-1094_012,2,Car,24.46,mid,15,ty_m,0.02,100.0
scene-1094_012,3,Car,23.91,mid,31,ty_m,0.02,100.0
scene-1094_012,4,Car,18.66,mid,34,ty_m,0.02,100.0
scene-1094_012,5,Car,20.73,mid,121,ty_m,0.02,100.0
scene-1094_012,6,Pedestrian,8.71,near,49,ty_m,0.02,100.0
scene-1094_016,0,Car,9.18,near,16,ty_m,0.02,100.0
scene-1094_016,1,Car,24.05,mid,22,ty_m,0.02,100.0
scene-1094_016,2,Car,28.35,mid,20,ty_m,0.02,100.0
scene-1094_016,3,Car,34.21,far,17,ty_m,0.02,100.0
scene-1094_016,4,Car,15.91,mid,72,ty_m,0.02,100.0
scene-1094_016,5,Car,17.51,mid,23,ty_m,0.02,100.0
scene-1094_020,0,Car,23.83,mid,21,ty_m,0.02,100.0
scene-1094_020,1,Car,20.02,mid,37,ty_m,0.02,100.0
scene-1094_020,2,Car,20.89,mid,25,ty_m,0.02,100.0
scene-1094_024,0,Car,23.53,mid,30,ty_m,0.02,100.0
scene-1094_024,1,Pedestrian,15.87,mid,15,ty_m,0.02,100.0
scene-1094_028,0,Pedestrian,7.96,near,49,ty_m,0.02,100.0
scene-1094_036,0,Car,30.0,far,17,ty_m,0.02,100.0
scene-0103_004,0,Pedestrian,19.83,mid,10,ty_m,0.05,100.0
scene-0103_004,1,Pedestrian,15.63,mid,16,ty_m,0.05,100.0
scene-0103_004,2,Car,14.34,near,53,ty_m,0.05,100.0
scene-0103_008,0,Car,4.87,near,61,ty_m,0.05,100.0
scene-0103_008,1,Car,17.71,mid,48,ty_m,0.05,100.0
scene-0103_012,0,Car,18.13,mid,47,ty_m,0.05,100.0
scene-0103_012,1,Car,16.09,mid,61,ty_m,0.05,100.0
scene-0103_012,2,Car,27.04,mid,11,ty_m,0.05,100.0
scene-0103_016,0,Car,12.68,near,146,ty_m,0.05,100.0
scene-0103_016,1,Car,9.92,near,162,ty_m,0.05,100.0
scene-0103_020,0,Car,17.41,mid,17,ty_m,0.05,100.0
scene-0103_020,1,Car,37.29,far,10,ty_m,0.05,100.0
scene-0103_020,2,Car,21.21,mid,24,ty_m,0.05,100.0
scene-0103_020,3,Car,6.82,near,54,ty_m,0.05,100.0
scene-0103_020,4,Car,15.08,mid,120,ty_m,0.05,100.0
scene-0103_024,0,Car,31.11,far,10,ty_m,0.05,100.0
scene-0103_024,1,Car,15.88,mid,10,ty_m,0.05,100.0
scene-0103_024,2,Truck,47.52,far,10,ty_m,0.05,100.0
scene-0103_024,3,Car,8.96,near,110,ty_m,0.05,100.0
scene-0103_024,4,Car,21.57,mid,18,ty_m,0.05,100.0
scene-0103_028,0,Car,21.75,mid,27,ty_m,0.05,100.0
scene-0103_028,1,Truck,38.05,far,23,ty_m,0.05,100.0
scene-0103_028,2,Car,26.59,mid,14,ty_m,0.05,100.0
scene-0103_032,0,Car,9.38,near,30,ty_m,0.05,100.0
scene-0103_032,1,Car,25.23,mid,22,ty_m,0.05,100.0
scene-0103_032,2,Car,33.19,far,10,ty_m,0.05,100.0
scene-0103_032,3,Bicycle,17.23,mid,16,ty_m,0.05,100.0
scene-0103_032,4,Car,19.21,mid,25,ty_m,0.05,100.0
scene-0103_032,5,Truck,25.14,mid,70,ty_m,0.05,100.0
scene-0103_032,6,Car,13.76,near,123,ty_m,0.05,100.0
scene-0103_036,0,Car,30.75,far,25,ty_m,0.05,100.0
scene-0103_036,1,Car,26.76,mid,16,ty_m,0.05,100.0
scene-0103_036,2,Car,19.55,mid,17,ty_m,0.05,100.0
scene-0103_036,3,Car,10.48,near,107,ty_m,0.05,100.0
scene-0103_036,4,Car,18.63,mid,74,ty_m,0.05,100.0
scene-0103_036,5,Car,15.65,mid,38,ty_m,0.05,100.0
scene-1094_000,0,Car,24.92,mid,33,ty_m,0.05,100.0
scene-1094_000,1,Car,7.37,near,463,ty_m,0.05,100.0
scene-1094_000,2,Car,30.62,far,61,ty_m,0.05,100.0
scene-1094_000,3,Pedestrian,13.98,near,16,ty_m,0.05,100.0
scene-1094_004,0,Car,24.19,mid,27,ty_m,0.05,100.0
scene-1094_004,1,Car,8.48,near,367,ty_m,0.05,100.0
scene-1094_004,2,Car,8.46,near,11,ty_m,0.05,100.0
scene-1094_004,3,Car,29.87,mid,68,ty_m,0.05,100.0
scene-1094_008,0,Car,20.43,mid,31,ty_m,0.05,100.0
scene-1094_008,1,Car,7.94,near,481,ty_m,0.05,100.0
scene-1094_008,2,Car,29.19,mid,18,ty_m,0.05,100.0
scene-1094_008,3,Car,25.83,mid,62,ty_m,0.05,100.0
scene-1094_008,4,Pedestrian,12.27,near,20,ty_m,0.05,100.0
scene-1094_012,0,Car,15.87,mid,137,ty_m,0.05,100.0
scene-1094_012,1,Car,10.73,near,20,ty_m,0.05,100.0
scene-1094_012,2,Car,24.46,mid,15,ty_m,0.05,100.0
scene-1094_012,3,Car,23.91,mid,31,ty_m,0.05,100.0
scene-1094_012,4,Car,18.66,mid,34,ty_m,0.05,100.0
scene-1094_012,5,Car,20.73,mid,121,ty_m,0.05,100.0
scene-1094_012,6,Pedestrian,8.71,near,49,ty_m,0.05,100.0
scene-1094_016,0,Car,9.18,near,16,ty_m,0.05,100.0
scene-1094_016,1,Car,24.05,mid,22,ty_m,0.05,100.0
scene-1094_016,2,Car,28.35,mid,20,ty_m,0.05,100.0
scene-1094_016,3,Car,34.21,far,17,ty_m,0.05,100.0
scene-1094_016,4,Car,15.91,mid,72,ty_m,0.05,100.0
scene-1094_016,5,Car,17.51,mid,23,ty_m,0.05,100.0
scene-1094_020,0,Car,23.83,mid,21,ty_m,0.05,100.0
scene-1094_020,1,Car,20.02,mid,37,ty_m,0.05,100.0
scene-1094_020,2,Car,20.89,mid,25,ty_m,0.05,100.0
scene-1094_024,0,Car,23.53,mid,30,ty_m,0.05,100.0
scene-1094_024,1,Pedestrian,15.87,mid,15,ty_m,0.05,100.0
scene-1094_028,0,Pedestrian,7.96,near,49,ty_m,0.05,100.0
scene-1094_036,0,Car,30.0,far,17,ty_m,0.05,100.0
scene-0103_004,0,Pedestrian,19.83,mid,10,ty_m,0.1,100.0
scene-0103_004,1,Pedestrian,15.63,mid,16,ty_m,0.1,100.0
scene-0103_004,2,Car,14.34,near,53,ty_m,0.1,100.0
scene-0103_008,0,Car,4.87,near,61,ty_m,0.1,100.0
scene-0103_008,1,Car,17.71,mid,48,ty_m,0.1,100.0
scene-0103_012,0,Car,18.13,mid,47,ty_m,0.1,100.0
scene-0103_012,1,Car,16.09,mid,61,ty_m,0.1,100.0
scene-0103_012,2,Car,27.04,mid,11,ty_m,0.1,100.0
scene-0103_016,0,Car,12.68,near,146,ty_m,0.1,100.0
scene-0103_016,1,Car,9.92,near,162,ty_m,0.1,100.0
scene-0103_020,0,Car,17.41,mid,17,ty_m,0.1,100.0
scene-0103_020,1,Car,37.29,far,10,ty_m,0.1,100.0
scene-0103_020,2,Car,21.21,mid,24,ty_m,0.1,100.0
scene-0103_020,3,Car,6.82,near,54,ty_m,0.1,100.0
scene-0103_020,4,Car,15.08,mid,120,ty_m,0.1,100.0
scene-0103_024,0,Car,31.11,far,10,ty_m,0.1,100.0
scene-0103_024,1,Car,15.88,mid,10,ty_m,0.1,100.0
scene-0103_024,2,Truck,47.52,far,10,ty_m,0.1,100.0
scene-0103_024,3,Car,8.96,near,110,ty_m,0.1,100.0
scene-0103_024,4,Car,21.57,mid,18,ty_m,0.1,100.0
scene-0103_028,0,Car,21.75,mid,27,ty_m,0.1,100.0
scene-0103_028,1,Truck,38.05,far,23,ty_m,0.1,100.0
scene-0103_028,2,Car,26.59,mid,14,ty_m,0.1,100.0
scene-0103_032,0,Car,9.38,near,30,ty_m,0.1,100.0
scene-0103_032,1,Car,25.23,mid,22,ty_m,0.1,100.0
scene-0103_032,2,Car,33.19,far,10,ty_m,0.1,100.0
scene-0103_032,3,Bicycle,17.23,mid,16,ty_m,0.1,100.0
scene-0103_032,4,Car,19.21,mid,25,ty_m,0.1,100.0
scene-0103_032,5,Truck,25.14,mid,70,ty_m,0.1,100.0
scene-0103_032,6,Car,13.76,near,123,ty_m,0.1,100.0
scene-0103_036,0,Car,30.75,far,25,ty_m,0.1,100.0
scene-0103_036,1,Car,26.76,mid,16,ty_m,0.1,100.0
scene-0103_036,2,Car,19.55,mid,17,ty_m,0.1,100.0
scene-0103_036,3,Car,10.48,near,107,ty_m,0.1,100.0
scene-0103_036,4,Car,18.63,mid,74,ty_m,0.1,100.0
scene-0103_036,5,Car,15.65,mid,38,ty_m,0.1,100.0
scene-1094_000,0,Car,24.92,mid,33,ty_m,0.1,100.0
scene-1094_000,1,Car,7.37,near,463,ty_m,0.1,100.0
scene-1094_000,2,Car,30.62,far,61,ty_m,0.1,100.0
scene-1094_000,3,Pedestrian,13.98,near,16,ty_m,0.1,100.0
scene-1094_004,0,Car,24.19,mid,27,ty_m,0.1,100.0
scene-1094_004,1,Car,8.48,near,367,ty_m,0.1,100.0
scene-1094_004,2,Car,8.46,near,11,ty_m,0.1,81.82
scene-1094_004,3,Car,29.87,mid,68,ty_m,0.1,100.0
scene-1094_008,0,Car,20.43,mid,31,ty_m,0.1,100.0
scene-1094_008,1,Car,7.94,near,481,ty_m,0.1,100.0
scene-1094_008,2,Car,29.19,mid,18,ty_m,0.1,100.0
scene-1094_008,3,Car,25.83,mid,62,ty_m,0.1,100.0
scene-1094_008,4,Pedestrian,12.27,near,20,ty_m,0.1,100.0
scene-1094_012,0,Car,15.87,mid,137,ty_m,0.1,100.0
scene-1094_012,1,Car,10.73,near,20,ty_m,0.1,100.0
scene-1094_012,2,Car,24.46,mid,15,ty_m,0.1,100.0
scene-1094_012,3,Car,23.91,mid,31,ty_m,0.1,100.0
scene-1094_012,4,Car,18.66,mid,34,ty_m,0.1,100.0
scene-1094_012,5,Car,20.73,mid,121,ty_m,0.1,100.0
scene-1094_012,6,Pedestrian,8.71,near,49,ty_m,0.1,100.0
scene-1094_016,0,Car,9.18,near,16,ty_m,0.1,100.0
scene-1094_016,1,Car,24.05,mid,22,ty_m,0.1,100.0
scene-1094_016,2,Car,28.35,mid,20,ty_m,0.1,100.0
scene-1094_016,3,Car,34.21,far,17,ty_m,0.1,100.0
scene-1094_016,4,Car,15.91,mid,72,ty_m,0.1,100.0
scene-1094_016,5,Car,17.51,mid,23,ty_m,0.1,100.0
scene-1094_020,0,Car,23.83,mid,21,ty_m,0.1,100.0
scene-1094_020,1,Car,20.02,mid,37,ty_m,0.1,100.0
scene-1094_020,2,Car,20.89,mid,25,ty_m,0.1,100.0
scene-1094_024,0,Car,23.53,mid,30,ty_m,0.1,100.0
scene-1094_024,1,Pedestrian,15.87,mid,15,ty_m,0.1,100.0
scene-1094_028,0,Pedestrian,7.96,near,49,ty_m,0.1,100.0
scene-1094_036,0,Car,30.0,far,17,ty_m,0.1,100.0
scene-0103_004,0,Pedestrian,19.83,mid,10,tz_m,0.02,100.0
scene-0103_004,1,Pedestrian,15.63,mid,16,tz_m,0.02,100.0
scene-0103_004,2,Car,14.34,near,53,tz_m,0.02,100.0
scene-0103_008,0,Car,4.87,near,61,tz_m,0.02,100.0
scene-0103_008,1,Car,17.71,mid,48,tz_m,0.02,100.0
scene-0103_012,0,Car,18.13,mid,47,tz_m,0.02,100.0
scene-0103_012,1,Car,16.09,mid,61,tz_m,0.02,100.0
scene-0103_012,2,Car,27.04,mid,11,tz_m,0.02,100.0
scene-0103_016,0,Car,12.68,near,146,tz_m,0.02,100.0
scene-0103_016,1,Car,9.92,near,162,tz_m,0.02,98.77
scene-0103_020,0,Car,17.41,mid,17,tz_m,0.02,100.0
scene-0103_020,1,Car,37.29,far,10,tz_m,0.02,100.0
scene-0103_020,2,Car,21.21,mid,24,tz_m,0.02,100.0
scene-0103_020,3,Car,6.82,near,54,tz_m,0.02,100.0
scene-0103_020,4,Car,15.08,mid,120,tz_m,0.02,100.0
scene-0103_024,0,Car,31.11,far,10,tz_m,0.02,100.0
scene-0103_024,1,Car,15.88,mid,10,tz_m,0.02,100.0
scene-0103_024,2,Truck,47.52,far,10,tz_m,0.02,100.0
scene-0103_024,3,Car,8.96,near,110,tz_m,0.02,100.0
scene-0103_024,4,Car,21.57,mid,18,tz_m,0.02,100.0
scene-0103_028,0,Car,21.75,mid,27,tz_m,0.02,100.0
scene-0103_028,1,Truck,38.05,far,23,tz_m,0.02,100.0
scene-0103_028,2,Car,26.59,mid,14,tz_m,0.02,100.0
scene-0103_032,0,Car,9.38,near,30,tz_m,0.02,100.0
scene-0103_032,1,Car,25.23,mid,22,tz_m,0.02,100.0
scene-0103_032,2,Car,33.19,far,10,tz_m,0.02,100.0
scene-0103_032,3,Bicycle,17.23,mid,16,tz_m,0.02,100.0
scene-0103_032,4,Car,19.21,mid,25,tz_m,0.02,100.0
scene-0103_032,5,Truck,25.14,mid,70,tz_m,0.02,100.0
scene-0103_032,6,Car,13.76,near,123,tz_m,0.02,100.0
scene-0103_036,0,Car,30.75,far,25,tz_m,0.02,100.0
scene-0103_036,1,Car,26.76,mid,16,tz_m,0.02,100.0
scene-0103_036,2,Car,19.55,mid,17,tz_m,0.02,100.0
scene-0103_036,3,Car,10.48,near,107,tz_m,0.02,100.0
scene-0103_036,4,Car,18.63,mid,74,tz_m,0.02,100.0
scene-0103_036,5,Car,15.65,mid,38,tz_m,0.02,100.0
scene-1094_000,0,Car,24.92,mid,33,tz_m,0.02,100.0
scene-1094_000,1,Car,7.37,near,463,tz_m,0.02,100.0
scene-1094_000,2,Car,30.62,far,61,tz_m,0.02,100.0
scene-1094_000,3,Pedestrian,13.98,near,16,tz_m,0.02,100.0
scene-1094_004,0,Car,24.19,mid,27,tz_m,0.02,100.0
scene-1094_004,1,Car,8.48,near,367,tz_m,0.02,99.46
scene-1094_004,2,Car,8.46,near,11,tz_m,0.02,100.0
scene-1094_004,3,Car,29.87,mid,68,tz_m,0.02,100.0
scene-1094_008,0,Car,20.43,mid,31,tz_m,0.02,100.0
scene-1094_008,1,Car,7.94,near,481,tz_m,0.02,100.0
scene-1094_008,2,Car,29.19,mid,18,tz_m,0.02,100.0
scene-1094_008,3,Car,25.83,mid,62,tz_m,0.02,100.0
scene-1094_008,4,Pedestrian,12.27,near,20,tz_m,0.02,100.0
scene-1094_012,0,Car,15.87,mid,137,tz_m,0.02,100.0
scene-1094_012,1,Car,10.73,near,20,tz_m,0.02,100.0
scene-1094_012,2,Car,24.46,mid,15,tz_m,0.02,100.0
scene-1094_012,3,Car,23.91,mid,31,tz_m,0.02,100.0
scene-1094_012,4,Car,18.66,mid,34,tz_m,0.02,100.0
scene-1094_012,5,Car,20.73,mid,121,tz_m,0.02,100.0
scene-1094_012,6,Pedestrian,8.71,near,49,tz_m,0.02,100.0
scene-1094_016,0,Car,9.18,near,16,tz_m,0.02,93.75
scene-1094_016,1,Car,24.05,mid,22,tz_m,0.02,100.0
scene-1094_016,2,Car,28.35,mid,20,tz_m,0.02,100.0
scene-1094_016,3,Car,34.21,far,17,tz_m,0.02,100.0
scene-1094_016,4,Car,15.91,mid,72,tz_m,0.02,100.0
scene-1094_016,5,Car,17.51,mid,23,tz_m,0.02,100.0
scene-1094_020,0,Car,23.83,mid,21,tz_m,0.02,100.0
scene-1094_020,1,Car,20.02,mid,37,tz_m,0.02,100.0
scene-1094_020,2,Car,20.89,mid,25,tz_m,0.02,100.0
scene-1094_024,0,Car,23.53,mid,30,tz_m,0.02,100.0
scene-1094_024,1,Pedestrian,15.87,mid,15,tz_m,0.02,100.0
scene-1094_028,0,Pedestrian,7.96,near,49,tz_m,0.02,100.0
scene-1094_036,0,Car,30.0,far,17,tz_m,0.02,100.0
scene-0103_004,0,Pedestrian,19.83,mid,10,tz_m,0.05,100.0
scene-0103_004,1,Pedestrian,15.63,mid,16,tz_m,0.05,100.0
scene-0103_004,2,Car,14.34,near,53,tz_m,0.05,100.0
scene-0103_008,0,Car,4.87,near,61,tz_m,0.05,100.0
scene-0103_008,1,Car,17.71,mid,48,tz_m,0.05,100.0
scene-0103_012,0,Car,18.13,mid,47,tz_m,0.05,100.0
scene-0103_012,1,Car,16.09,mid,61,tz_m,0.05,100.0
scene-0103_012,2,Car,27.04,mid,11,tz_m,0.05,100.0
scene-0103_016,0,Car,12.68,near,146,tz_m,0.05,100.0
scene-0103_016,1,Car,9.92,near,162,tz_m,0.05,99.38
scene-0103_020,0,Car,17.41,mid,17,tz_m,0.05,100.0
scene-0103_020,1,Car,37.29,far,10,tz_m,0.05,100.0
scene-0103_020,2,Car,21.21,mid,24,tz_m,0.05,100.0
scene-0103_020,3,Car,6.82,near,54,tz_m,0.05,100.0
scene-0103_020,4,Car,15.08,mid,120,tz_m,0.05,100.0
scene-0103_024,0,Car,31.11,far,10,tz_m,0.05,100.0
scene-0103_024,1,Car,15.88,mid,10,tz_m,0.05,100.0
scene-0103_024,2,Truck,47.52,far,10,tz_m,0.05,100.0
scene-0103_024,3,Car,8.96,near,110,tz_m,0.05,100.0
scene-0103_024,4,Car,21.57,mid,18,tz_m,0.05,100.0
scene-0103_028,0,Car,21.75,mid,27,tz_m,0.05,100.0
scene-0103_028,1,Truck,38.05,far,23,tz_m,0.05,100.0
scene-0103_028,2,Car,26.59,mid,14,tz_m,0.05,100.0
scene-0103_032,0,Car,9.38,near,30,tz_m,0.05,100.0
scene-0103_032,1,Car,25.23,mid,22,tz_m,0.05,100.0
scene-0103_032,2,Car,33.19,far,10,tz_m,0.05,100.0
scene-0103_032,3,Bicycle,17.23,mid,16,tz_m,0.05,100.0
scene-0103_032,4,Car,19.21,mid,25,tz_m,0.05,100.0
scene-0103_032,5,Truck,25.14,mid,70,tz_m,0.05,100.0
scene-0103_032,6,Car,13.76,near,123,tz_m,0.05,100.0
scene-0103_036,0,Car,30.75,far,25,tz_m,0.05,100.0
scene-0103_036,1,Car,26.76,mid,16,tz_m,0.05,100.0
scene-0103_036,2,Car,19.55,mid,17,tz_m,0.05,100.0
scene-0103_036,3,Car,10.48,near,107,tz_m,0.05,100.0
scene-0103_036,4,Car,18.63,mid,74,tz_m,0.05,100.0
scene-0103_036,5,Car,15.65,mid,38,tz_m,0.05,100.0
scene-1094_000,0,Car,24.92,mid,33,tz_m,0.05,100.0
scene-1094_000,1,Car,7.37,near,463,tz_m,0.05,100.0
scene-1094_000,2,Car,30.62,far,61,tz_m,0.05,100.0
scene-1094_000,3,Pedestrian,13.98,near,16,tz_m,0.05,100.0
scene-1094_004,0,Car,24.19,mid,27,tz_m,0.05,100.0
scene-1094_004,1,Car,8.48,near,367,tz_m,0.05,98.91
scene-1094_004,2,Car,8.46,near,11,tz_m,0.05,100.0
scene-1094_004,3,Car,29.87,mid,68,tz_m,0.05,100.0
scene-1094_008,0,Car,20.43,mid,31,tz_m,0.05,100.0
scene-1094_008,1,Car,7.94,near,481,tz_m,0.05,100.0
scene-1094_008,2,Car,29.19,mid,18,tz_m,0.05,100.0
scene-1094_008,3,Car,25.83,mid,62,tz_m,0.05,100.0
scene-1094_008,4,Pedestrian,12.27,near,20,tz_m,0.05,100.0
scene-1094_012,0,Car,15.87,mid,137,tz_m,0.05,100.0
scene-1094_012,1,Car,10.73,near,20,tz_m,0.05,100.0
scene-1094_012,2,Car,24.46,mid,15,tz_m,0.05,100.0
scene-1094_012,3,Car,23.91,mid,31,tz_m,0.05,100.0
scene-1094_012,4,Car,18.66,mid,34,tz_m,0.05,100.0
scene-1094_012,5,Car,20.73,mid,121,tz_m,0.05,100.0
scene-1094_012,6,Pedestrian,8.71,near,49,tz_m,0.05,100.0
scene-1094_016,0,Car,9.18,near,16,tz_m,0.05,93.75
scene-1094_016,1,Car,24.05,mid,22,tz_m,0.05,100.0
scene-1094_016,2,Car,28.35,mid,20,tz_m,0.05,100.0
scene-1094_016,3,Car,34.21,far,17,tz_m,0.05,100.0
scene-1094_016,4,Car,15.91,mid,72,tz_m,0.05,100.0
scene-1094_016,5,Car,17.51,mid,23,tz_m,0.05,100.0
scene-1094_020,0,Car,23.83,mid,21,tz_m,0.05,100.0
scene-1094_020,1,Car,20.02,mid,37,tz_m,0.05,100.0
scene-1094_020,2,Car,20.89,mid,25,tz_m,0.05,100.0
scene-1094_024,0,Car,23.53,mid,30,tz_m,0.05,100.0
scene-1094_024,1,Pedestrian,15.87,mid,15,tz_m,0.05,100.0
scene-1094_028,0,Pedestrian,7.96,near,49,tz_m,0.05,100.0
scene-1094_036,0,Car,30.0,far,17,tz_m,0.05,100.0
scene-0103_004,0,Pedestrian,19.83,mid,10,tz_m,0.1,100.0
scene-0103_004,1,Pedestrian,15.63,mid,16,tz_m,0.1,100.0
scene-0103_004,2,Car,14.34,near,53,tz_m,0.1,100.0
scene-0103_008,0,Car,4.87,near,61,tz_m,0.1,100.0
scene-0103_008,1,Car,17.71,mid,48,tz_m,0.1,100.0
scene-0103_012,0,Car,18.13,mid,47,tz_m,0.1,100.0
scene-0103_012,1,Car,16.09,mid,61,tz_m,0.1,100.0
scene-0103_012,2,Car,27.04,mid,11,tz_m,0.1,100.0
scene-0103_016,0,Car,12.68,near,146,tz_m,0.1,100.0
scene-0103_016,1,Car,9.92,near,162,tz_m,0.1,99.38
scene-0103_020,0,Car,17.41,mid,17,tz_m,0.1,100.0
scene-0103_020,1,Car,37.29,far,10,tz_m,0.1,100.0
scene-0103_020,2,Car,21.21,mid,24,tz_m,0.1,100.0
scene-0103_020,3,Car,6.82,near,54,tz_m,0.1,100.0
scene-0103_020,4,Car,15.08,mid,120,tz_m,0.1,100.0
scene-0103_024,0,Car,31.11,far,10,tz_m,0.1,100.0
scene-0103_024,1,Car,15.88,mid,10,tz_m,0.1,100.0
scene-0103_024,2,Truck,47.52,far,10,tz_m,0.1,100.0
scene-0103_024,3,Car,8.96,near,110,tz_m,0.1,100.0
scene-0103_024,4,Car,21.57,mid,18,tz_m,0.1,100.0
scene-0103_028,0,Car,21.75,mid,27,tz_m,0.1,100.0
scene-0103_028,1,Truck,38.05,far,23,tz_m,0.1,100.0
scene-0103_028,2,Car,26.59,mid,14,tz_m,0.1,100.0
scene-0103_032,0,Car,9.38,near,30,tz_m,0.1,100.0
scene-0103_032,1,Car,25.23,mid,22,tz_m,0.1,100.0
scene-0103_032,2,Car,33.19,far,10,tz_m,0.1,100.0
scene-0103_032,3,Bicycle,17.23,mid,16,tz_m,0.1,100.0
scene-0103_032,4,Car,19.21,mid,25,tz_m,0.1,100.0
scene-0103_032,5,Truck,25.14,mid,70,tz_m,0.1,100.0
scene-0103_032,6,Car,13.76,near,123,tz_m,0.1,100.0
scene-0103_036,0,Car,30.75,far,25,tz_m,0.1,100.0
scene-0103_036,1,Car,26.76,mid,16,tz_m,0.1,100.0
scene-0103_036,2,Car,19.55,mid,17,tz_m,0.1,100.0
scene-0103_036,3,Car,10.48,near,107,tz_m,0.1,100.0
scene-0103_036,4,Car,18.63,mid,74,tz_m,0.1,100.0
scene-0103_036,5,Car,15.65,mid,38,tz_m,0.1,100.0
scene-1094_000,0,Car,24.92,mid,33,tz_m,0.1,100.0
scene-1094_000,1,Car,7.37,near,463,tz_m,0.1,93.74
scene-1094_000,2,Car,30.62,far,61,tz_m,0.1,100.0
scene-1094_000,3,Pedestrian,13.98,near,16,tz_m,0.1,100.0
scene-1094_004,0,Car,24.19,mid,27,tz_m,0.1,100.0
scene-1094_004,1,Car,8.48,near,367,tz_m,0.1,98.91
scene-1094_004,2,Car,8.46,near,11,tz_m,0.1,100.0
scene-1094_004,3,Car,29.87,mid,68,tz_m,0.1,100.0
scene-1094_008,0,Car,20.43,mid,31,tz_m,0.1,100.0
scene-1094_008,1,Car,7.94,near,481,tz_m,0.1,100.0
scene-1094_008,2,Car,29.19,mid,18,tz_m,0.1,100.0
scene-1094_008,3,Car,25.83,mid,62,tz_m,0.1,100.0
scene-1094_008,4,Pedestrian,12.27,near,20,tz_m,0.1,100.0
scene-1094_012,0,Car,15.87,mid,137,tz_m,0.1,100.0
scene-1094_012,1,Car,10.73,near,20,tz_m,0.1,100.0
scene-1094_012,2,Car,24.46,mid,15,tz_m,0.1,100.0
scene-1094_012,3,Car,23.91,mid,31,tz_m,0.1,100.0
scene-1094_012,4,Car,18.66,mid,34,tz_m,0.1,100.0
scene-1094_012,5,Car,20.73,mid,121,tz_m,0.1,100.0
scene-1094_012,6,Pedestrian,8.71,near,49,tz_m,0.1,100.0
scene-1094_016,0,Car,9.18,near,16,tz_m,0.1,93.75
scene-1094_016,1,Car,24.05,mid,22,tz_m,0.1,100.0
scene-1094_016,2,Car,28.35,mid,20,tz_m,0.1,100.0
scene-1094_016,3,Car,34.21,far,17,tz_m,0.1,100.0
scene-1094_016,4,Car,15.91,mid,72,tz_m,0.1,100.0
scene-1094_016,5,Car,17.51,mid,23,tz_m,0.1,100.0
scene-1094_020,0,Car,23.83,mid,21,tz_m,0.1,100.0
scene-1094_020,1,Car,20.02,mid,37,tz_m,0.1,100.0
scene-1094_020,2,Car,20.89,mid,25,tz_m,0.1,100.0
scene-1094_024,0,Car,23.53,mid,30,tz_m,0.1,100.0
scene-1094_024,1,Pedestrian,15.87,mid,15,tz_m,0.1,100.0
scene-1094_028,0,Pedestrian,7.96,near,49,tz_m,0.1,100.0
scene-1094_036,0,Car,30.0,far,17,tz_m,0.1,100.0
