param,value,n_frames,fov_ratio,edge_score,edge_ratio,inbox_near,npts_near,inbox_mid,npts_mid,inbox_far,npts_far
none,0.0,20,1.0,56.44,1.0,99.58,28486,99.48,9889,99.71,1695
yaw_deg,0.5,20,1.0004,53.98,0.9565,98.17,28486,95.93,9889,88.73,1695
yaw_deg,1.0,20,1.0006,52.12,0.9242,95.81,28486,88.42,9889,70.5,1695
yaw_deg,2.0,20,1.0007,49.95,0.8851,89.18,28486,76.2,9889,43.24,1695
yaw_deg,3.0,20,1.0013,49.8,0.8836,82.97,28486,64.76,9889,26.31,1695
pitch_deg,0.5,20,0.9762,50.94,0.9014,97.43,28486,95.47,9889,88.91,1695
pitch_deg,1.0,20,0.9533,48.33,0.8575,94.28,28486,89.25,9889,66.43,1695
pitch_deg,2.0,20,0.9058,44.38,0.786,85.53,28486,73.4,9889,35.63,1695
pitch_deg,3.0,20,0.857,39.42,0.6933,74.81,28486,55.77,9889,16.05,1695
roll_deg,0.5,20,1.0002,55.88,0.9948,99.29,28486,99.13,9889,99.71,1695
roll_deg,1.0,20,1.0002,54.23,0.9636,98.63,28486,97.33,9889,98.76,1695
roll_deg,2.0,20,0.9997,51.69,0.9191,96.53,28486,93.88,9889,96.93,1695
roll_deg,3.0,20,1.0021,50.13,0.8901,93.71,28486,89.59,9889,92.04,1695
tx_m,0.02,20,1.0034,56.34,0.9988,99.8,28486,99.5,9889,99.71,1695
tx_m,0.05,20,1.0106,56.36,0.9994,99.78,28486,99.51,9889,99.65,1695
tx_m,0.1,20,1.0208,56.03,0.9956,99.69,28486,99.51,9889,99.65,1695
ty_m,0.02,20,1.0001,56.42,1.0001,99.34,28486,99.4,9889,99.53,1695
ty_m,0.05,20,1.0002,56.2,0.9963,98.81,28486,99.17,9889,99.41,1695
ty_m,0.1,20,1.0004,55.22,0.9782,97.78,28486,98.43,9889,98.88,1695
tz_m,0.02,20,1.0101,57.53,1.0235,99.78,28486,99.44,9889,99.71,1695
tz_m,0.05,20,1.0235,56.81,1.0122,99.26,28486,99.22,9889,99.59,1695
tz_m,0.1,20,1.046,54.02,0.9635,97.15,28486,98.07,9889,97.64,1695
