frame,param,value,fov_ratio,edge_score,n_edge
scene-0103_000,none,0.0,1.0,35.44,79
scene-0103_004,none,0.0,1.0,46.15,39
scene-0103_008,none,0.0,1.0,31.25,32
scene-0103_012,none,0.0,1.0,9.62,52
scene-0103_016,none,0.0,1.0,13.33,90
scene-0103_020,none,0.0,1.0,14.14,99
scene-0103_024,none,0.0,1.0,25.64,78
scene-0103_028,none,0.0,1.0,15.52,58
scene-0103_032,none,0.0,1.0,15.22,46
scene-0103_036,none,0.0,1.0,19.05,42
scene-1094_000,none,0.0,1.0,24.47,94
scene-1094_004,none,0.0,1.0,40.58,69
scene-1094_008,none,0.0,1.0,34.04,47
scene-1094_012,none,0.0,1.0,22.03,59
scene-1094_016,none,0.0,1.0,28.85,52
scene-1094_020,none,0.0,1.0,21.92,73
scene-1094_024,none,0.0,1.0,21.93,114
scene-1094_028,none,0.0,1.0,10.19,108
scene-1094_032,none,0.0,1.0,10.47,86
scene-1094_036,none,0.0,1.0,9.52,84
scene-0103_000,yaw_deg,0.5,0.996,35.44,79
scene-0103_004,yaw_deg,0.5,0.9967,35.14,37
scene-0103_008,yaw_deg,0.5,1.0007,26.92,26
scene-0103_012,yaw_deg,0.5,0.9977,7.41,54
scene-0103_016,yaw_deg,0.5,0.997,18.39,87
scene-0103_020,yaw_deg,0.5,0.9973,13.33,90
scene-0103_024,yaw_deg,0.5,0.9993,14.29,77
scene-0103_028,yaw_deg,0.5,1.0018,5.17,58
scene-0103_032,yaw_deg,0.5,1.0007,7.89,38
scene-0103_036,yaw_deg,0.5,1.0032,17.02,47
scene-1094_000,yaw_deg,0.5,1.0028,25.26,95
scene-1094_004,yaw_deg,0.5,0.9992,33.78,74
scene-1094_008,yaw_deg,0.5,1.0011,41.18,51
scene-1094_012,yaw_deg,0.5,1.0035,17.86,56
scene-1094_016,yaw_deg,0.5,1.0004,32.73,55
scene-1094_020,yaw_deg,0.5,0.9954,26.76,71
scene-1094_024,yaw_deg,0.5,0.995,19.44,108
scene-1094_028,yaw_deg,0.5,0.998,16.35,104
scene-1094_032,yaw_deg,0.5,0.9967,8.79,91
scene-1094_036,yaw_deg,0.5,0.9993,9.41,85
scene-0103_000,yaw_deg,1.0,0.9916,23.38,77
scene-0103_004,yaw_deg,1.0,0.998,27.03,37
scene-0103_008,yaw_deg,1.0,1.0013,11.11,27
scene-0103_012,yaw_deg,1.0,0.999,7.69,52
scene-0103_016,yaw_deg,1.0,0.9963,14.63,82
scene-0103_020,yaw_deg,1.0,0.9943,11.83,93
scene-0103_024,yaw_deg,1.0,1.0,18.18,77
scene-0103_028,yaw_deg,1.0,1.0039,5.56,54
scene-0103_032,yaw_deg,1.0,0.9979,10.87,46
scene-0103_036,yaw_deg,1.0,1.0,23.91,46
scene-1094_000,yaw_deg,1.0,1.0059,24.18,91
scene-1094_004,yaw_deg,1.0,0.9975,36.67,60
scene-1094_008,yaw_deg,1.0,1.0016,36.73,49
scene-1094_012,yaw_deg,1.0,1.0103,12.9,62
scene-1094_016,yaw_deg,1.0,1.0043,27.78,54
scene-1094_020,yaw_deg,1.0,0.9957,22.97,74
scene-1094_024,yaw_deg,1.0,0.992,13.21,106
scene-1094_028,yaw_deg,1.0,0.9953,18.09,94
scene-1094_032,yaw_deg,1.0,0.998,7.22,97
scene-1094_036,yaw_deg,1.0,0.9996,7.14,84
scene-0103_000,yaw_deg,2.0,0.9832,24.0,75
scene-0103_004,yaw_deg,2.0,1.001,35.0,40
scene-0103_008,yaw_deg,2.0,1.0034,20.0,25
scene-0103_012,yaw_deg,2.0,0.998,8.33,48
scene-0103_016,yaw_deg,2.0,0.9956,14.46,83
scene-0103_020,yaw_deg,2.0,0.9916,13.58,81
scene-0103_024,yaw_deg,2.0,1.002,16.87,83
scene-0103_028,yaw_deg,2.0,1.0057,7.02,57
scene-0103_032,yaw_deg,2.0,0.9951,8.0,50
scene-0103_036,yaw_deg,2.0,1.0,26.83,41
scene-1094_000,yaw_deg,2.0,1.0107,25.77,97
scene-1094_004,yaw_deg,2.0,0.9878,31.82,66
scene-1094_008,yaw_deg,2.0,1.0003,46.94,49
scene-1094_012,yaw_deg,2.0,1.0222,12.12,66
scene-1094_016,yaw_deg,2.0,1.0125,30.36,56
scene-1094_020,yaw_deg,2.0,0.9922,23.61,72
scene-1094_024,yaw_deg,2.0,0.9822,20.18,109
scene-1094_028,yaw_deg,2.0,0.9899,19.32,88
scene-1094_032,yaw_deg,2.0,1.0013,5.94,101
scene-1094_036,yaw_deg,2.0,0.9953,10.26,78
scene-0103_000,yaw_deg,3.0,0.9765,25.0,72
scene-0103_004,yaw_deg,3.0,1.0036,24.39,41
scene-0103_008,yaw_deg,3.0,1.0044,42.86,28
scene-0103_012,yaw_deg,3.0,0.9967,8.51,47
scene-0103_016,yaw_deg,3.0,0.9946,9.21,76
scene-0103_020,yaw_deg,3.0,0.99,11.39,79
scene-0103_024,yaw_deg,3.0,1.0014,20.0,75
scene-0103_028,yaw_deg,3.0,1.01,6.56,61
scene-0103_032,yaw_deg,3.0,0.9944,8.33,48
scene-0103_036,yaw_deg,3.0,0.9968,24.44,45
scene-1094_000,yaw_deg,3.0,1.0138,33.01,103
scene-1094_004,yaw_deg,3.0,0.9803,37.93,58
scene-1094_008,yaw_deg,3.0,1.0019,41.18,51
scene-1094_012,yaw_deg,3.0,1.0281,15.38,65
scene-1094_016,yaw_deg,3.0,1.0143,23.08,52
scene-1094_020,yaw_deg,3.0,0.9857,22.73,66
scene-1094_024,yaw_deg,3.0,0.9802,9.17,109
scene-1094_028,yaw_deg,3.0,0.9913,17.58,91
scene-1094_032,yaw_deg,3.0,0.997,7.29,96
scene-1094_036,yaw_deg,3.0,0.9938,14.46,83
scene-0103_000,pitch_deg,0.5,1.0027,36.25,80
scene-0103_004,pitch_deg,0.5,1.0013,44.74,38
scene-0103_008,pitch_deg,0.5,1.002,20.59,34
scene-0103_012,pitch_deg,0.5,1.0017,7.14,56
scene-0103_016,pitch_deg,0.5,1.001,9.41,85
scene-0103_020,pitch_deg,0.5,1.003,7.53,93
scene-0103_024,pitch_deg,0.5,1.002,14.1,78
scene-0103_028,pitch_deg,0.5,1.0007,8.47,59
scene-0103_032,pitch_deg,0.5,1.0035,8.51,47
scene-0103_036,pitch_deg,0.5,1.0039,24.39,41
scene-1094_000,pitch_deg,0.5,1.0003,26.0,100
scene-1094_004,pitch_deg,0.5,0.9992,42.47,73
scene-1094_008,pitch_deg,0.5,1.0016,44.0,50
scene-1094_012,pitch_deg,0.5,1.0003,14.75,61
scene-1094_016,pitch_deg,0.5,1.0007,36.36,55
scene-1094_020,pitch_deg,0.5,1.0018,25.33,75
scene-1094_024,pitch_deg,0.5,1.001,21.43,112
scene-1094_028,pitch_deg,0.5,1.001,12.96,108
scene-1094_032,pitch_deg,0.5,1.001,18.48,92
scene-1094_036,pitch_deg,0.5,1.0018,12.35,81
scene-0103_000,pitch_deg,1.0,1.0037,40.96,83
scene-0103_004,pitch_deg,1.0,1.001,35.0,40
scene-0103_008,pitch_deg,1.0,1.0013,24.14,29
scene-0103_012,pitch_deg,1.0,1.0017,10.71,56
scene-0103_016,pitch_deg,1.0,1.0027,8.33,84
scene-0103_020,pitch_deg,1.0,1.0027,14.58,96
scene-0103_024,pitch_deg,1.0,1.003,15.0,80
scene-0103_028,pitch_deg,1.0,1.0021,7.41,54
scene-0103_032,pitch_deg,1.0,1.0039,9.09,44
scene-0103_036,pitch_deg,1.0,1.0047,17.07,41
scene-1094_000,pitch_deg,1.0,0.9994,22.68,97
scene-1094_004,pitch_deg,1.0,0.9989,37.68,69
scene-1094_008,pitch_deg,1.0,1.0025,55.32,47
scene-1094_012,pitch_deg,1.0,0.9997,15.25,59
scene-1094_016,pitch_deg,1.0,1.0029,26.42,53
scene-1094_020,pitch_deg,1.0,1.0018,26.67,75
scene-1094_024,pitch_deg,1.0,1.002,23.21,112
scene-1094_028,pitch_deg,1.0,1.0013,9.26,108
scene-1094_032,pitch_deg,1.0,1.0007,19.78,91
scene-1094_036,pitch_deg,1.0,1.0011,13.41,82
scene-0103_000,pitch_deg,2.0,1.0034,31.71,82
scene-0103_004,pitch_deg,2.0,0.9997,17.65,34
scene-0103_008,pitch_deg,2.0,1.0024,18.18,33
scene-0103_012,pitch_deg,2.0,1.0013,10.91,55
scene-0103_016,pitch_deg,2.0,1.0017,8.51,94
scene-0103_020,pitch_deg,2.0,1.0003,19.0,100
scene-0103_024,pitch_deg,2.0,1.0017,18.67,75
scene-0103_028,pitch_deg,2.0,1.0014,9.26,54
scene-0103_032,pitch_deg,2.0,1.0021,20.93,43
scene-0103_036,pitch_deg,2.0,1.0011,20.0,40
scene-1094_000,pitch_deg,2.0,1.0,26.32,95
scene-1094_004,pitch_deg,2.0,0.9986,40.3,67
scene-1094_008,pitch_deg,2.0,1.0025,53.06,49
scene-1094_012,pitch_deg,2.0,0.9997,14.29,63
scene-1094_016,pitch_deg,2.0,1.0025,24.53,53
scene-1094_020,pitch_deg,2.0,1.0029,25.32,79
scene-1094_024,pitch_deg,2.0,1.0044,26.55,113
scene-1094_028,pitch_deg,2.0,1.0,13.89,108
scene-1094_032,pitch_deg,2.0,1.002,17.35,98
scene-1094_036,pitch_deg,2.0,1.0025,13.95,86
scene-0103_000,pitch_deg,3.0,1.0044,35.37,82
scene-0103_004,pitch_deg,3.0,1.0023,28.95,38
scene-0103_008,pitch_deg,3.0,1.0034,25.0,28
scene-0103_012,pitch_deg,3.0,1.0007,17.24,58
scene-0103_016,pitch_deg,3.0,1.0024,14.61,89
scene-0103_020,pitch_deg,3.0,1.0007,16.0,100
scene-0103_024,pitch_deg,3.0,1.0007,11.39,79
scene-0103_028,pitch_deg,3.0,1.0007,10.34,58
scene-0103_032,pitch_deg,3.0,1.0025,20.45,44
scene-0103_036,pitch_deg,3.0,1.0025,16.28,43
scene-1094_000,pitch_deg,3.0,1.0008,24.0,100
scene-1094_004,pitch_deg,3.0,0.9986,40.58,69
scene-1094_008,pitch_deg,3.0,1.0036,53.85,52
scene-1094_012,pitch_deg,3.0,0.9991,25.76,66
scene-1094_016,pitch_deg,3.0,1.0039,20.75,53
scene-1094_020,pitch_deg,3.0,1.0018,18.67,75
scene-1094_024,pitch_deg,3.0,1.005,26.55,113
scene-1094_028,pitch_deg,3.0,1.0007,21.5,107
scene-1094_032,pitch_deg,3.0,1.0027,15.96,94
scene-1094_036,pitch_deg,3.0,1.0022,13.95,86
scene-0103_000,roll_deg,0.5,1.0137,37.35,83
scene-0103_004,roll_deg,0.5,1.0118,50.0,42
scene-0103_008,roll_deg,0.5,1.0115,15.62,32
scene-0103_012,roll_deg,0.5,1.0119,9.09,55
scene-0103_016,roll_deg,0.5,1.0125,13.48,89
scene-0103_020,roll_deg,0.5,1.013,11.7,94
scene-0103_024,roll_deg,0.5,1.0125,9.33,75
scene-0103_028,roll_deg,0.5,1.0129,5.45,55
scene-0103_032,roll_deg,0.5,1.0155,8.7,46
scene-0103_036,roll_deg,0.5,1.0157,11.11,45
scene-1094_000,roll_deg,0.5,1.0175,36.54,104
scene-1094_004,roll_deg,0.5,1.0167,55.38,65
scene-1094_008,roll_deg,0.5,1.0184,68.52,54
scene-1094_012,roll_deg,0.5,1.0198,15.52,58
scene-1094_016,roll_deg,0.5,1.0237,22.22,54
scene-1094_020,roll_deg,0.5,1.0189,23.19,69
scene-1094_024,roll_deg,0.5,1.0228,25.66,113
scene-1094_028,roll_deg,0.5,1.0208,14.55,110
scene-1094_032,roll_deg,0.5,1.0207,15.22,92
scene-1094_036,roll_deg,0.5,1.0199,10.98,82
scene-0103_000,roll_deg,1.0,1.0466,33.77,77
scene-0103_004,roll_deg,1.0,1.0431,42.5,40
scene-0103_008,roll_deg,1.0,1.0448,12.5,24
scene-0103_012,roll_deg,1.0,1.0443,15.38,52
scene-0103_016,roll_deg,1.0,1.0485,12.63,95
scene-0103_020,roll_deg,1.0,1.0492,11.11,90
scene-0103_024,roll_deg,1.0,1.0474,9.72,72
scene-0103_028,roll_deg,1.0,1.0484,1.85,54
scene-0103_032,roll_deg,1.0,1.0508,11.63,43
scene-0103_036,roll_deg,1.0,1.0519,15.0,40
scene-1094_000,roll_deg,1.0,1.027,29.63,108
scene-1094_004,roll_deg,1.0,1.0264,45.45,66
scene-1094_008,roll_deg,1.0,1.0274,42.86,49
scene-1094_012,roll_deg,1.0,1.0287,23.88,67
scene-1094_016,roll_deg,1.0,1.0355,16.67,48
scene-1094_020,roll_deg,1.0,1.0299,24.64,69
scene-1094_024,roll_deg,1.0,1.0329,23.08,117
scene-1094_028,roll_deg,1.0,1.0302,12.75,102
scene-1094_032,roll_deg,1.0,1.03,13.19,91
scene-1094_036,roll_deg,1.0,1.0293,17.65,85
scene-0103_000,roll_deg,2.0,1.0828,24.1,83
scene-0103_004,roll_deg,2.0,1.0784,31.43,35
scene-0103_008,roll_deg,2.0,1.0829,19.23,26
scene-0103_012,roll_deg,2.0,1.0827,14.55,55
scene-0103_016,roll_deg,2.0,1.0898,6.93,101
scene-0103_020,roll_deg,2.0,1.091,6.52,92
scene-0103_024,roll_deg,2.0,1.0908,9.21,76
scene-0103_028,roll_deg,2.0,1.0881,10.91,55
scene-0103_032,roll_deg,2.0,1.0857,8.11,37
scene-0103_036,roll_deg,2.0,1.0905,11.9,42
scene-1094_000,roll_deg,2.0,1.0682,41.82,110
scene-1094_004,roll_deg,2.0,1.0666,42.62,61
scene-1094_008,roll_deg,2.0,1.0708,45.28,53
scene-1094_012,roll_deg,2.0,1.0742,35.48,62
scene-1094_016,roll_deg,2.0,1.0889,30.0,50
scene-1094_020,roll_deg,2.0,1.0852,29.58,71
scene-1094_024,roll_deg,2.0,1.0828,20.0,115
scene-1094_028,roll_deg,2.0,1.0785,17.82,101
scene-1094_032,roll_deg,2.0,1.0767,11.96,92
scene-1094_036,roll_deg,2.0,1.0822,15.66,83
scene-0103_000,roll_deg,3.0,1.124,17.11,76
scene-0103_004,roll_deg,3.0,1.1169,48.65,37
scene-0103_008,roll_deg,3.0,1.1216,17.86,28
scene-0103_012,roll_deg,3.0,1.1194,13.73,51
scene-0103_016,roll_deg,3.0,1.1264,9.09,99
scene-0103_020,roll_deg,3.0,1.1261,6.67,90
scene-0103_024,roll_deg,3.0,1.1267,9.86,71
scene-0103_028,roll_deg,3.0,1.1297,5.56,54
scene-0103_032,roll_deg,3.0,1.1297,8.89,45
scene-0103_036,roll_deg,3.0,1.1306,17.5,40
scene-1094_000,roll_deg,3.0,1.1096,37.61,117
scene-1094_004,roll_deg,3.0,1.1077,38.98,59
scene-1094_008,roll_deg,3.0,1.107,54.39,57
scene-1094_012,roll_deg,3.0,1.1147,29.41,68
scene-1094_016,roll_deg,3.0,1.1362,23.4,47
scene-1094_020,roll_deg,3.0,1.1337,21.43,70
scene-1094_024,roll_deg,3.0,1.1257,14.78,115
scene-1094_028,roll_deg,3.0,1.1214,9.68,93
scene-1094_032,roll_deg,3.0,1.1167,3.45,87
scene-1094_036,roll_deg,3.0,1.1243,18.75,80
scene-0103_000,tx_m,0.02,1.0007,38.55,83
scene-0103_004,tx_m,0.02,0.999,40.54,37
scene-0103_008,tx_m,0.02,0.999,20.69,29
scene-0103_012,tx_m,0.02,0.9993,9.43,53
scene-0103_016,tx_m,0.02,1.0,16.67,84
scene-0103_020,tx_m,0.02,1.001,13.83,94
scene-0103_024,tx_m,0.02,0.9993,23.08,78
scene-0103_028,tx_m,0.02,1.0004,10.53,57
scene-0103_032,tx_m,0.02,1.0018,19.05,42
scene-0103_036,tx_m,0.02,1.0,17.39,46
scene-1094_000,tx_m,0.02,1.0003,22.58,93
scene-1094_004,tx_m,0.02,0.9989,41.1,73
scene-1094_008,tx_m,0.02,1.0011,48.98,49
scene-1094_012,tx_m,0.02,0.9991,18.75,64
scene-1094_016,tx_m,0.02,0.9989,30.61,49
scene-1094_020,tx_m,0.02,1.0,24.29,70
scene-1094_024,tx_m,0.02,1.0,19.64,112
scene-1094_028,tx_m,0.02,0.9997,13.21,106
scene-1094_032,tx_m,0.02,1.0003,13.19,91
scene-1094_036,tx_m,0.02,1.0007,9.64,83
scene-0103_000,tx_m,0.05,1.0007,38.75,80
scene-0103_004,tx_m,0.05,0.998,35.9,39
scene-0103_008,tx_m,0.05,0.9987,32.14,28
scene-0103_012,tx_m,0.05,0.999,8.0,50
scene-0103_016,tx_m,0.05,1.0003,16.09,87
scene-0103_020,tx_m,0.05,1.001,15.05,93
scene-0103_024,tx_m,0.05,1.0024,17.33,75
scene-0103_028,tx_m,0.05,0.9986,13.33,60
scene-0103_032,tx_m,0.05,1.0011,15.22,46
scene-0103_036,tx_m,0.05,0.9989,19.51,41
scene-1094_000,tx_m,0.05,1.0008,25.27,91
scene-1094_004,tx_m,0.05,0.9981,49.3,71
scene-1094_008,tx_m,0.05,1.0005,53.19,47
scene-1094_012,tx_m,0.05,1.0006,20.0,65
scene-1094_016,tx_m,0.05,1.0,22.45,49
scene-1094_020,tx_m,0.05,1.0025,20.83,72
scene-1094_024,tx_m,0.05,1.001,23.85,109
scene-1094_028,tx_m,0.05,1.0003,11.32,106
scene-1094_032,tx_m,0.05,1.001,15.12,86
scene-1094_036,tx_m,0.05,1.0018,10.98,82
scene-0103_000,tx_m,0.1,1.002,37.35,83
scene-0103_004,tx_m,0.1,0.9977,32.43,37
scene-0103_008,tx_m,0.1,0.9997,23.33,30
scene-0103_012,tx_m,0.1,0.9987,8.51,47
scene-0103_016,tx_m,0.1,1.0,21.05,76
scene-0103_020,tx_m,0.1,1.0013,11.9,84
scene-0103_024,tx_m,0.1,1.0014,16.9,71
scene-0103_028,tx_m,0.1,0.9971,15.25,59
scene-0103_032,tx_m,0.1,1.0011,15.91,44
scene-0103_036,tx_m,0.1,0.9979,22.5,40
scene-1094_000,tx_m,0.1,1.0023,25.0,88
scene-1094_004,tx_m,0.1,0.9978,44.74,76
scene-1094_008,tx_m,0.1,1.0008,56.0,50
scene-1094_012,tx_m,0.1,0.9988,17.91,67
scene-1094_016,tx_m,0.1,1.0004,17.39,46
scene-1094_020,tx_m,0.1,1.0046,26.76,71
scene-1094_024,tx_m,0.1,1.001,20.79,101
scene-1094_028,tx_m,0.1,1.0017,13.64,110
scene-1094_032,tx_m,0.1,1.0007,10.84,83
scene-1094_036,tx_m,0.1,1.0029,15.0,80
scene-0103_000,ty_m,0.02,1.0044,37.5,80
scene-0103_004,ty_m,0.02,1.0023,55.56,36
scene-0103_008,ty_m,0.02,1.0034,24.14,29
scene-0103_012,ty_m,0.02,1.0036,11.11,54
scene-0103_016,ty_m,0.02,1.0034,14.12,85
scene-0103_020,ty_m,0.02,1.004,13.73,102
scene-0103_024,ty_m,0.02,1.003,21.79,78
scene-0103_028,ty_m,0.02,1.0029,13.79,58
scene-0103_032,ty_m,0.02,1.006,15.56,45
scene-0103_036,ty_m,0.02,1.0057,16.28,43
scene-1094_000,ty_m,0.02,1.0037,25.77,97
scene-1094_004,ty_m,0.02,1.0033,43.84,73
scene-1094_008,ty_m,0.02,1.0038,37.25,51
scene-1094_012,ty_m,0.02,1.0038,21.21,66
scene-1094_016,ty_m,0.02,1.0047,33.33,51
scene-1094_020,ty_m,0.02,1.0053,24.0,75
scene-1094_024,ty_m,0.02,1.005,19.82,111
scene-1094_028,ty_m,0.02,1.005,13.89,108
scene-1094_032,ty_m,0.02,1.006,12.5,96
scene-1094_036,ty_m,0.02,1.0054,7.5,80
scene-0103_000,ty_m,0.05,1.009,40.0,80
scene-0103_004,ty_m,0.05,1.0059,51.35,37
scene-0103_008,ty_m,0.05,1.0081,16.67,30
scene-0103_012,ty_m,0.05,1.0073,12.96,54
scene-0103_016,ty_m,0.05,1.0088,12.64,87
scene-0103_020,ty_m,0.05,1.008,12.37,97
scene-0103_024,ty_m,0.05,1.0078,20.55,73
scene-0103_028,ty_m,0.05,1.0075,11.32,53
scene-0103_032,ty_m,0.05,1.0102,14.29,42
scene-0103_036,ty_m,0.05,1.0104,19.51,41
scene-1094_000,ty_m,0.05,1.0087,20.2,99
scene-1094_004,ty_m,0.05,1.0072,40.91,66
scene-1094_008,ty_m,0.05,1.0099,40.0,45
scene-1094_012,ty_m,0.05,1.0089,18.75,64
scene-1094_016,ty_m,0.05,1.0129,34.0,50
scene-1094_020,ty_m,0.05,1.0146,26.67,75
scene-1094_024,ty_m,0.05,1.0104,19.27,109
scene-1094_028,ty_m,0.05,1.0121,13.64,110
scene-1094_032,ty_m,0.05,1.012,14.29,91
scene-1094_036,ty_m,0.05,1.0138,8.33,84
scene-0103_000,ty_m,0.1,1.0161,39.76,83
scene-0103_004,ty_m,0.1,1.015,42.86,35
scene-0103_008,ty_m,0.1,1.0175,21.62,37
scene-0103_012,ty_m,0.1,1.0149,14.0,50
scene-0103_016,ty_m,0.1,1.0159,12.16,74
scene-0103_020,ty_m,0.1,1.0167,12.9,93
scene-0103_024,ty_m,0.1,1.0166,22.08,77
scene-0103_028,ty_m,0.1,1.0161,10.17,59
scene-0103_032,ty_m,0.1,1.0169,22.22,36
scene-0103_036,ty_m,0.1,1.0168,23.81,42
scene-1094_000,ty_m,0.1,1.0169,23.96,96
scene-1094_004,ty_m,0.1,1.0155,44.44,72
scene-1094_008,ty_m,0.1,1.017,44.0,50
scene-1094_012,ty_m,0.1,1.0189,18.03,61
scene-1094_016,ty_m,0.1,1.0254,34.0,50
scene-1094_020,ty_m,0.1,1.026,19.23,78
scene-1094_024,ty_m,0.1,1.0221,22.22,99
scene-1094_028,ty_m,0.1,1.0228,13.64,110
scene-1094_032,ty_m,0.1,1.0223,12.9,93
scene-1094_036,ty_m,0.1,1.0261,7.41,81
scene-0103_000,tz_m,0.02,1.006,37.97,79
scene-0103_004,tz_m,0.02,1.0052,42.11,38
scene-0103_008,tz_m,0.02,1.0051,25.81,31
scene-0103_012,tz_m,0.02,1.006,11.76,51
scene-0103_016,tz_m,0.02,1.0061,19.61,102
scene-0103_020,tz_m,0.02,1.006,12.5,96
scene-0103_024,tz_m,0.02,1.0058,23.38,77
scene-0103_028,tz_m,0.02,1.0057,16.67,54
scene-0103_032,tz_m,0.02,1.0063,15.22,46
scene-0103_036,tz_m,0.02,1.0068,16.28,43
scene-1094_000,tz_m,0.02,1.0079,21.5,107
scene-1094_004,tz_m,0.02,1.0078,42.19,64
scene-1094_008,tz_m,0.02,1.008,48.08,52
scene-1094_012,tz_m,0.02,1.0086,23.08,65
scene-1094_016,tz_m,0.02,1.0111,26.53,49
scene-1094_020,tz_m,0.02,1.01,22.54,71
scene-1094_024,tz_m,0.02,1.0104,20.87,115
scene-1094_028,tz_m,0.02,1.0107,10.78,102
scene-1094_032,tz_m,0.02,1.01,10.47,86
scene-1094_036,tz_m,0.02,1.0109,9.09,88
scene-0103_000,tz_m,0.05,1.0131,39.47,76
scene-0103_004,tz_m,0.05,1.0121,43.24,37
scene-0103_008,tz_m,0.05,1.0111,28.57,28
scene-0103_012,tz_m,0.05,1.0119,9.62,52
scene-0103_016,tz_m,0.05,1.0119,14.95,107
scene-0103_020,tz_m,0.05,1.0127,12.0,100
scene-0103_024,tz_m,0.05,1.0122,20.78,77
scene-0103_028,tz_m,0.05,1.0125,15.38,52
scene-0103_032,tz_m,0.05,1.0141,14.89,47
scene-0103_036,tz_m,0.05,1.014,16.67,42
scene-1094_000,tz_m,0.05,1.0161,38.52,122
scene-1094_004,tz_m,0.05,1.0161,42.19,64
scene-1094_008,tz_m,0.05,1.0173,56.25,64
scene-1094_012,tz_m,0.05,1.0189,29.17,72
scene-1094_016,tz_m,0.05,1.0237,31.82,44
scene-1094_020,tz_m,0.05,1.0196,22.97,74
scene-1094_024,tz_m,0.05,1.0218,21.74,115
scene-1094_028,tz_m,0.05,1.0205,16.48,91
scene-1094_032,tz_m,0.05,1.0203,12.2,82
scene-1094_036,tz_m,0.05,1.0207,10.47,86
scene-0103_000,tz_m,0.1,1.0476,39.47,76
scene-0103_004,tz_m,0.1,1.0451,37.84,37
scene-0103_008,tz_m,0.1,1.0478,32.35,34
scene-0103_012,tz_m,0.1,1.0473,9.09,55
scene-0103_016,tz_m,0.1,1.0481,11.71,111
scene-0103_020,tz_m,0.1,1.0492,16.49,97
scene-0103_024,tz_m,0.1,1.0478,17.65,68
scene-0103_028,tz_m,0.1,1.0494,10.0,50
scene-0103_032,tz_m,0.1,1.0493,6.25,48
scene-0103_036,tz_m,0.1,1.0526,8.89,45
scene-1094_000,tz_m,0.1,1.0268,32.14,84
scene-1094_004,tz_m,0.1,1.0267,41.51,106
scene-1094_008,tz_m,0.1,1.0258,45.79,107
scene-1094_012,tz_m,0.1,1.0284,31.15,61
scene-1094_016,tz_m,0.1,1.0351,40.48,42
scene-1094_020,tz_m,0.1,1.0417,21.62,74
scene-1094_024,tz_m,0.1,1.0325,22.81,114
scene-1094_028,tz_m,0.1,1.0305,13.41,82
scene-1094_032,tz_m,0.1,1.0297,16.25,80
scene-1094_036,tz_m,0.1,1.0312,9.3,86
