frame,axis,drift,score_current,score_best,gain,est_drift
000001,yaw_deg,0.0,54.53,54.53,0.0,-0.0
000001,yaw_deg,0.5,52.99,54.53,1.54,0.5
000001,yaw_deg,1.0,53.3,54.53,1.23,1.0
000001,yaw_deg,2.0,48.31,54.53,6.22,2.0
000001,yaw_deg,3.0,49.25,54.53,5.28,3.0
000001,pitch_deg,0.0,54.53,54.53,0.0,-0.0
000001,pitch_deg,0.5,48.81,54.53,5.72,0.5
000001,pitch_deg,1.0,50.61,54.53,3.92,1.0
000001,pitch_deg,2.0,42.41,54.53,12.12,2.0
000001,pitch_deg,3.0,33.01,54.53,21.52,3.0
000004,yaw_deg,0.0,46.14,46.14,0.0,-0.0
000004,yaw_deg,0.5,45.1,46.14,1.04,0.5
000004,yaw_deg,1.0,44.83,46.14,1.32,1.0
000004,yaw_deg,2.0,42.27,46.14,3.87,2.0
000004,yaw_deg,3.0,43.22,46.14,2.93,3.0
000004,pitch_deg,0.0,46.14,46.14,0.0,-0.0
000004,pitch_deg,0.5,42.93,46.14,3.21,0.5
000004,pitch_deg,1.0,41.84,46.14,4.31,1.0
000004,pitch_deg,2.0,37.13,46.14,9.01,2.0
000004,pitch_deg,3.0,30.68,46.14,15.46,3.0
000007,yaw_deg,0.0,45.67,45.67,0.0,-0.0
000007,yaw_deg,0.5,41.05,45.67,4.62,0.5
000007,yaw_deg,1.0,41.44,45.67,4.23,1.0
000007,yaw_deg,2.0,40.19,45.67,5.48,2.0
000007,yaw_deg,3.0,40.25,45.67,5.42,3.0
000007,pitch_deg,0.0,45.67,46.57,0.9,0.5
000007,pitch_deg,0.5,39.3,46.57,7.27,1.0
000007,pitch_deg,1.0,39.63,45.67,6.04,1.0
000007,pitch_deg,2.0,41.61,45.67,4.06,2.0
000007,pitch_deg,3.0,44.88,45.67,0.79,3.0
000008,yaw_deg,0.0,61.06,61.06,0.0,-0.0
000008,yaw_deg,0.5,59.6,61.06,1.46,0.5
000008,yaw_deg,1.0,52.97,61.06,8.09,1.0
000008,yaw_deg,2.0,51.37,61.06,9.69,2.0
000008,yaw_deg,3.0,50.27,61.06,10.79,3.0
000008,pitch_deg,0.0,61.06,62.87,1.81,3.0
000008,pitch_deg,0.5,57.46,61.38,3.92,1.0
000008,pitch_deg,1.0,52.73,61.06,8.33,1.0
000008,pitch_deg,2.0,47.84,61.06,13.21,2.0
000008,pitch_deg,3.0,44.25,61.06,16.8,3.0
000009,yaw_deg,0.0,45.01,45.01,0.0,-0.0
000009,yaw_deg,0.5,44.9,45.01,0.1,0.5
000009,yaw_deg,1.0,42.12,45.01,2.88,1.0
000009,yaw_deg,2.0,37.68,45.01,7.32,2.0
000009,yaw_deg,3.0,37.98,45.01,7.03,3.0
000009,pitch_deg,0.0,45.01,45.01,0.0,-0.0
000009,pitch_deg,0.5,39.51,45.01,5.5,0.5
000009,pitch_deg,1.0,38.16,45.01,6.85,1.0
000009,pitch_deg,2.0,37.1,45.01,7.91,2.0
000009,pitch_deg,3.0,30.03,45.01,14.98,3.0
000010,yaw_deg,0.0,41.94,41.94,0.0,-0.0
000010,yaw_deg,0.5,40.37,41.94,1.57,0.5
000010,yaw_deg,1.0,38.81,41.94,3.13,1.0
000010,yaw_deg,2.0,36.97,41.94,4.98,2.0
000010,yaw_deg,3.0,38.82,43.76,4.94,-3.0
000010,pitch_deg,0.0,41.94,50.28,8.34,1.0
000010,pitch_deg,0.5,29.09,49.62,20.53,1.0
000010,pitch_deg,1.0,28.4,50.28,21.88,2.0
000010,pitch_deg,2.0,26.09,50.28,24.19,3.0
000010,pitch_deg,3.0,27.43,41.94,14.51,3.0
000011,yaw_deg,0.0,44.33,44.33,0.0,-0.0
000011,yaw_deg,0.5,41.08,44.33,3.25,0.5
000011,yaw_deg,1.0,38.77,44.33,5.57,1.0
000011,yaw_deg,2.0,37.3,44.33,7.03,2.0
000011,yaw_deg,3.0,38.37,44.33,5.96,3.0
000011,pitch_deg,0.0,44.33,73.53,29.2,3.0
000011,pitch_deg,0.5,41.88,70.81,28.94,3.0
000011,pitch_deg,1.0,36.81,67.63,30.82,3.0
000011,pitch_deg,2.0,27.72,56.56,28.84,3.0
000011,pitch_deg,3.0,20.54,44.33,23.79,3.0
000012,yaw_deg,0.0,60.6,60.6,0.0,-0.0
000012,yaw_deg,0.5,53.57,60.6,7.03,0.5
000012,yaw_deg,1.0,52.17,60.6,8.43,1.0
000012,yaw_deg,2.0,51.5,60.6,9.1,2.0
000012,yaw_deg,3.0,51.54,60.6,9.06,3.0
000012,pitch_deg,0.0,60.6,64.57,3.97,0.5
000012,pitch_deg,0.5,57.73,64.57,6.84,1.0
000012,pitch_deg,1.0,51.2,63.59,12.39,2.0
000012,pitch_deg,2.0,48.27,63.59,15.32,3.0
000012,pitch_deg,3.0,45.36,60.6,15.24,3.0
000015,yaw_deg,0.0,76.28,76.28,0.0,-0.0
000015,yaw_deg,0.5,75.01,76.28,1.27,0.5
000015,yaw_deg,1.0,74.5,76.28,1.78,1.0
000015,yaw_deg,2.0,71.67,76.28,4.6,2.0
000015,yaw_deg,3.0,72.54,76.28,3.73,3.0
000015,pitch_deg,0.0,76.28,76.28,0.0,-0.0
000015,pitch_deg,0.5,72.69,76.28,3.59,0.5
000015,pitch_deg,1.0,69.58,76.28,6.69,1.0
000015,pitch_deg,2.0,65.09,76.28,11.18,2.0
000015,pitch_deg,3.0,61.58,76.28,14.7,3.0
000016,yaw_deg,0.0,44.15,44.21,0.07,0.5
000016,yaw_deg,0.5,42.67,44.32,1.66,-2.0
000016,yaw_deg,1.0,43.3,44.18,0.89,-3.0
000016,yaw_deg,2.0,44.13,44.32,0.19,-0.5
000016,yaw_deg,3.0,42.65,44.32,1.67,0.5
000016,pitch_deg,0.0,44.15,54.44,10.29,0.5
000016,pitch_deg,0.5,38.3,54.44,16.14,1.0
000016,pitch_deg,1.0,33.46,44.15,10.69,1.0
000016,pitch_deg,2.0,35.62,44.15,8.52,2.0
000016,pitch_deg,3.0,24.18,44.15,19.97,3.0
000019,yaw_deg,0.0,61.25,61.25,0.0,-0.0
000019,yaw_deg,0.5,56.28,61.25,4.98,0.5
000019,yaw_deg,1.0,56.2,61.25,5.05,1.0
000019,yaw_deg,2.0,55.45,61.25,5.8,2.0
000019,yaw_deg,3.0,54.49,61.25,6.77,3.0
000019,pitch_deg,0.0,61.25,76.48,15.23,2.0
000019,pitch_deg,0.5,53.95,75.68,21.73,3.0
000019,pitch_deg,1.0,52.51,76.48,23.97,3.0
000019,pitch_deg,2.0,50.19,72.17,21.97,3.0
000019,pitch_deg,3.0,48.71,61.25,12.55,3.0
000021,yaw_deg,0.0,60.88,60.88,0.0,-0.0
000021,yaw_deg,0.5,59.1,60.88,1.78,0.5
000021,yaw_deg,1.0,56.29,60.88,4.59,1.0
000021,yaw_deg,2.0,49.67,60.88,11.21,2.0
000021,yaw_deg,3.0,45.83,60.88,15.05,3.0
000021,pitch_deg,0.0,60.88,60.88,0.0,-0.0
000021,pitch_deg,0.5,54.05,60.88,6.84,0.5
000021,pitch_deg,1.0,59.41,60.88,1.47,1.0
000021,pitch_deg,2.0,58.68,60.88,2.21,2.0
000021,pitch_deg,3.0,48.56,60.88,12.32,3.0
000023,yaw_deg,0.0,54.93,55.22,0.28,0.5
000023,yaw_deg,0.5,54.98,55.22,0.24,1.0
000023,yaw_deg,1.0,54.73,54.98,0.25,0.5
000023,yaw_deg,2.0,51.01,54.93,3.92,2.0
000023,yaw_deg,3.0,52.73,54.93,2.21,3.0
000023,pitch_deg,0.0,54.93,54.93,0.0,-0.0
000023,pitch_deg,0.5,49.54,54.93,5.39,0.5
000023,pitch_deg,1.0,50.02,54.93,4.91,1.0
000023,pitch_deg,2.0,42.42,54.93,12.51,2.0
000023,pitch_deg,3.0,31.66,54.93,23.28,3.0
000025,yaw_deg,0.0,65.45,65.45,0.0,-0.0
000025,yaw_deg,0.5,64.26,65.45,1.19,0.5
000025,yaw_deg,1.0,60.12,65.45,5.33,1.0
000025,yaw_deg,2.0,60.16,65.45,5.3,2.0
000025,yaw_deg,3.0,59.47,65.45,5.99,3.0
000025,pitch_deg,0.0,65.45,65.45,0.0,-0.0
000025,pitch_deg,0.5,58.62,65.45,6.84,3.0
000025,pitch_deg,1.0,54.08,65.45,11.37,1.0
000025,pitch_deg,2.0,52.51,65.45,12.94,2.0
000025,pitch_deg,3.0,49.15,65.45,16.3,3.0
000031,yaw_deg,0.0,58.06,58.06,0.0,-0.0
000031,yaw_deg,0.5,53.94,58.06,4.12,0.5
000031,yaw_deg,1.0,50.06,58.06,8.01,1.0
000031,yaw_deg,2.0,45.47,58.06,12.59,2.0
000031,yaw_deg,3.0,43.33,58.06,14.73,3.0
000031,pitch_deg,0.0,58.06,58.06,0.0,-0.0
000031,pitch_deg,0.5,48.1,58.06,9.97,0.5
000031,pitch_deg,1.0,43.15,58.06,14.92,1.0
000031,pitch_deg,2.0,44.93,58.06,13.13,2.0
000031,pitch_deg,3.0,43.8,58.06,14.26,3.0
000032,yaw_deg,0.0,62.82,62.82,0.0,-0.0
000032,yaw_deg,0.5,61.78,62.82,1.04,0.5
000032,yaw_deg,1.0,57.16,62.82,5.66,1.0
000032,yaw_deg,2.0,52.8,62.82,10.02,2.0
000032,yaw_deg,3.0,53.0,62.82,9.82,3.0
000032,pitch_deg,0.0,62.82,62.82,0.0,-0.0
000032,pitch_deg,0.5,55.08,62.82,7.74,0.5
000032,pitch_deg,1.0,45.18,62.82,17.64,1.0
000032,pitch_deg,2.0,33.1,62.82,29.72,2.0
000032,pitch_deg,3.0,33.67,62.82,29.15,3.0
000043,yaw_deg,0.0,68.79,68.79,0.0,-0.0
000043,yaw_deg,0.5,64.39,68.79,4.4,0.5
000043,yaw_deg,1.0,61.47,68.79,7.32,1.0
000043,yaw_deg,2.0,61.87,68.79,6.93,2.0
000043,yaw_deg,3.0,60.77,68.79,8.02,3.0
000043,pitch_deg,0.0,68.79,70.74,1.94,0.5
000043,pitch_deg,0.5,64.76,70.74,5.98,1.0
000043,pitch_deg,1.0,62.51,69.75,7.24,3.0
000043,pitch_deg,2.0,53.21,68.79,15.58,2.0
000043,pitch_deg,3.0,43.45,68.79,25.35,3.0
000048,yaw_deg,0.0,79.53,79.53,0.0,-0.0
000048,yaw_deg,0.5,77.92,79.53,1.61,0.5
000048,yaw_deg,1.0,77.76,79.53,1.77,1.0
000048,yaw_deg,2.0,75.93,79.53,3.61,2.0
000048,yaw_deg,3.0,74.91,79.53,4.62,3.0
000048,pitch_deg,0.0,79.53,79.53,0.0,-0.0
000048,pitch_deg,0.5,77.5,79.53,2.04,0.5
000048,pitch_deg,1.0,76.27,79.53,3.26,1.0
000048,pitch_deg,2.0,73.4,79.53,6.14,2.0
000048,pitch_deg,3.0,70.3,79.53,9.23,3.0
000049,yaw_deg,0.0,67.76,67.76,0.0,-0.0
000049,yaw_deg,0.5,61.57,67.76,6.19,0.5
000049,yaw_deg,1.0,58.39,67.76,9.36,1.0
000049,yaw_deg,2.0,57.47,67.76,10.29,2.0
000049,yaw_deg,3.0,59.14,67.76,8.62,3.0
000049,pitch_deg,0.0,67.76,67.76,0.0,-0.0
000049,pitch_deg,0.5,57.56,67.76,10.2,0.5
000049,pitch_deg,1.0,48.48,67.76,19.28,1.0
000049,pitch_deg,2.0,42.87,67.76,24.89,2.0
000049,pitch_deg,3.0,34.38,67.76,33.38,3.0
000061,yaw_deg,0.0,29.69,31.15,1.46,1.0
000061,yaw_deg,0.5,28.98,30.43,1.45,3.0
000061,yaw_deg,1.0,28.0,31.15,3.15,2.0
000061,yaw_deg,2.0,27.77,31.15,3.38,3.0
000061,yaw_deg,3.0,27.53,29.69,2.16,3.0
000061,pitch_deg,0.0,29.69,46.0,16.31,3.0
000061,pitch_deg,0.5,31.96,43.36,11.4,3.0
000061,pitch_deg,1.0,32.62,44.89,12.27,3.0
000061,pitch_deg,2.0,27.5,33.65,6.15,3.0
000061,pitch_deg,3.0,22.76,32.62,9.86,2.0
