step,run,warmup,ms,frame,n_points,hardware,python
projection,0,True,12.352,000011,108004,"Intel Core i7-1185G7 @ 3.00GHz, RAM 16 GB, chỉ dùng CPU (máy có GTX 1650 nhưng không dùng)",3.11.9
projection,1,False,11.855,000011,108004,"Intel Core i7-1185G7 @ 3.00GHz, RAM 16 GB, chỉ dùng CPU (máy có GTX 1650 nhưng không dùng)",3.11.9
projection,2,False,10.154,000011,108004,"Intel Core i7-1185G7 @ 3.00GHz, RAM 16 GB, chỉ dùng CPU (máy có GTX 1650 nhưng không dùng)",3.11.9
projection,3,False,10.194,000011,108004,"Intel Core i7-1185G7 @ 3.00GHz, RAM 16 GB, chỉ dùng CPU (máy có GTX 1650 nhưng không dùng)",3.11.9
projection,4,False,12.274,000011,108004,"Intel Core i7-1185G7 @ 3.00GHz, RAM 16 GB, chỉ dùng CPU (máy có GTX 1650 nhưng không dùng)",3.11.9
projection,5,False,13.131,000011,108004,"Intel Core i7-1185G7 @ 3.00GHz, RAM 16 GB, chỉ dùng CPU (máy có GTX 1650 nhưng không dùng)",3.11.9
projection,6,False,9.403,000011,108004,"Intel Core i7-1185G7 @ 3.00GHz, RAM 16 GB, chỉ dùng CPU (máy có GTX 1650 nhưng không dùng)",3.11.9
projection,7,False,10.329,000011,108004,"Intel Core i7-1185G7 @ 3.00GHz, RAM 16 GB, chỉ dùng CPU (máy có GTX 1650 nhưng không dùng)",3.11.9
projection,8,False,9.605,000011,108004,"Intel Core i7-1185G7 @ 3.00GHz, RAM 16 GB, chỉ dùng CPU (máy có GTX 1650 nhưng không dùng)",3.11.9
projection,9,False,10.853,000011,108004,"Intel Core i7-1185G7 @ 3.00GHz, RAM 16 GB, chỉ dùng CPU (máy có GTX 1650 nhưng không dùng)",3.11.9
projection,10,False,9.99,000011,108004,"Intel Core i7-1185G7 @ 3.00GHz, RAM 16 GB, chỉ dùng CPU (máy có GTX 1650 nhưng không dùng)",3.11.9
projection,11,False,12.649,000011,108004,"Intel Core i7-1185G7 @ 3.00GHz, RAM 16 GB, chỉ dùng CPU (máy có GTX 1650 nhưng không dùng)",3.11.9
projection,12,False,11.175,000011,108004,"Intel Core i7-1185G7 @ 3.00GHz, RAM 16 GB, chỉ dùng CPU (máy có GTX 1650 nhưng không dùng)",3.11.9
projection,13,False,11.353,000011,108004,"Intel Core i7-1185G7 @ 3.00GHz, RAM 16 GB, chỉ dùng CPU (máy có GTX 1650 nhưng không dùng)",3.11.9
projection,14,False,9.922,000011,108004,"Intel Core i7-1185G7 @ 3.00GHz, RAM 16 GB, chỉ dùng CPU (máy có GTX 1650 nhưng không dùng)",3.11.9
projection,15,False,11.385,000011,108004,"Intel Core i7-1185G7 @ 3.00GHz, RAM 16 GB, chỉ dùng CPU (máy có GTX 1650 nhưng không dùng)",3.11.9
projection,16,False,11.399,000011,108004,"Intel Core i7-1185G7 @ 3.00GHz, RAM 16 GB, chỉ dùng CPU (máy có GTX 1650 nhưng không dùng)",3.11.9
projection,17,False,10.061,000011,108004,"Intel Core i7-1185G7 @ 3.00GHz, RAM 16 GB, chỉ dùng CPU (máy có GTX 1650 nhưng không dùng)",3.11.9
projection,18,False,11.0,000011,108004,"Intel Core i7-1185G7 @ 3.00GHz, RAM 16 GB, chỉ dùng CPU (máy có GTX 1650 nhưng không dùng)",3.11.9
projection,19,False,9.528,000011,108004,"Intel Core i7-1185G7 @ 3.00GHz, RAM 16 GB, chỉ dùng CPU (máy có GTX 1650 nhưng không dùng)",3.11.9
projection,20,False,11.075,000011,108004,"Intel Core i7-1185G7 @ 3.00GHz, RAM 16 GB, chỉ dùng CPU (máy có GTX 1650 nhưng không dùng)",3.11.9
edge_score,0,True,11.777,000011,108004,"Intel Core i7-1185G7 @ 3.00GHz, RAM 16 GB, chỉ dùng CPU (máy có GTX 1650 nhưng không dùng)",3.11.9
edge_score,1,False,13.964,000011,108004,"Intel Core i7-1185G7 @ 3.00GHz, RAM 16 GB, chỉ dùng CPU (máy có GTX 1650 nhưng không dùng)",3.11.9
edge_score,2,False,13.408,000011,108004,"Intel Core i7-1185G7 @ 3.00GHz, RAM 16 GB, chỉ dùng CPU (máy có GTX 1650 nhưng không dùng)",3.11.9
edge_score,3,False,12.477,000011,108004,"Intel Core i7-1185G7 @ 3.00GHz, RAM 16 GB, chỉ dùng CPU (máy có GTX 1650 nhưng không dùng)",3.11.9
edge_score,4,False,11.619,000011,108004,"Intel Core i7-1185G7 @ 3.00GHz, RAM 16 GB, chỉ dùng CPU (máy có GTX 1650 nhưng không dùng)",3.11.9
edge_score,5,False,12.331,000011,108004,"Intel Core i7-1185G7 @ 3.00GHz, RAM 16 GB, chỉ dùng CPU (máy có GTX 1650 nhưng không dùng)",3.11.9
edge_score,6,False,15.751,000011,108004,"Intel Core i7-1185G7 @ 3.00GHz, RAM 16 GB, chỉ dùng CPU (máy có GTX 1650 nhưng không dùng)",3.11.9
edge_score,7,False,22.081,000011,108004,"Intel Core i7-1185G7 @ 3.00GHz, RAM 16 GB, chỉ dùng CPU (máy có GTX 1650 nhưng không dùng)",3.11.9
edge_score,8,False,13.746,000011,108004,"Intel Core i7-1185G7 @ 3.00GHz, RAM 16 GB, chỉ dùng CPU (máy có GTX 1650 nhưng không dùng)",3.11.9
edge_score,9,False,13.772,000011,108004,"Intel Core i7-1185G7 @ 3.00GHz, RAM 16 GB, chỉ dùng CPU (máy có GTX 1650 nhưng không dùng)",3.11.9
edge_score,10,False,13.94,000011,108004,"Intel Core i7-1185G7 @ 3.00GHz, RAM 16 GB, chỉ dùng CPU (máy có GTX 1650 nhưng không dùng)",3.11.9
edge_score,11,False,13.928,000011,108004,"Intel Core i7-1185G7 @ 3.00GHz, RAM 16 GB, chỉ dùng CPU (máy có GTX 1650 nhưng không dùng)",3.11.9
edge_score,12,False,13.184,000011,108004,"Intel Core i7-1185G7 @ 3.00GHz, RAM 16 GB, chỉ dùng CPU (máy có GTX 1650 nhưng không dùng)",3.11.9
edge_score,13,False,11.972,000011,108004,"Intel Core i7-1185G7 @ 3.00GHz, RAM 16 GB, chỉ dùng CPU (máy có GTX 1650 nhưng không dùng)",3.11.9
edge_score,14,False,19.06,000011,108004,"Intel Core i7-1185G7 @ 3.00GHz, RAM 16 GB, chỉ dùng CPU (máy có GTX 1650 nhưng không dùng)",3.11.9
edge_score,15,False,12.794,000011,108004,"Intel Core i7-1185G7 @ 3.00GHz, RAM 16 GB, chỉ dùng CPU (máy có GTX 1650 nhưng không dùng)",3.11.9
edge_score,16,False,16.417,000011,108004,"Intel Core i7-1185G7 @ 3.00GHz, RAM 16 GB, chỉ dùng CPU (máy có GTX 1650 nhưng không dùng)",3.11.9
edge_score,17,False,12.4,000011,108004,"Intel Core i7-1185G7 @ 3.00GHz, RAM 16 GB, chỉ dùng CPU (máy có GTX 1650 nhưng không dùng)",3.11.9
edge_score,18,False,12.505,000011,108004,"Intel Core i7-1185G7 @ 3.00GHz, RAM 16 GB, chỉ dùng CPU (máy có GTX 1650 nhưng không dùng)",3.11.9
edge_score,19,False,11.834,000011,108004,"Intel Core i7-1185G7 @ 3.00GHz, RAM 16 GB, chỉ dùng CPU (máy có GTX 1650 nhưng không dùng)",3.11.9
edge_score,20,False,12.279,000011,108004,"Intel Core i7-1185G7 @ 3.00GHz, RAM 16 GB, chỉ dùng CPU (máy có GTX 1650 nhưng không dùng)",3.11.9
canny,0,True,4.801,000011,108004,"Intel Core i7-1185G7 @ 3.00GHz, RAM 16 GB, chỉ dùng CPU (máy có GTX 1650 nhưng không dùng)",3.11.9
canny,1,False,5.854,000011,108004,"Intel Core i7-1185G7 @ 3.00GHz, RAM 16 GB, chỉ dùng CPU (máy có GTX 1650 nhưng không dùng)",3.11.9
canny,2,False,5.742,000011,108004,"Intel Core i7-1185G7 @ 3.00GHz, RAM 16 GB, chỉ dùng CPU (máy có GTX 1650 nhưng không dùng)",3.11.9
canny,3,False,5.243,000011,108004,"Intel Core i7-1185G7 @ 3.00GHz, RAM 16 GB, chỉ dùng CPU (máy có GTX 1650 nhưng không dùng)",3.11.9
canny,4,False,4.48,000011,108004,"Intel Core i7-1185G7 @ 3.00GHz, RAM 16 GB, chỉ dùng CPU (máy có GTX 1650 nhưng không dùng)",3.11.9
canny,5,False,4.724,000011,108004,"Intel Core i7-1185G7 @ 3.00GHz, RAM 16 GB, chỉ dùng CPU (máy có GTX 1650 nhưng không dùng)",3.11.9
canny,6,False,4.867,000011,108004,"Intel Core i7-1185G7 @ 3.00GHz, RAM 16 GB, chỉ dùng CPU (máy có GTX 1650 nhưng không dùng)",3.11.9
canny,7,False,4.83,000011,108004,"Intel Core i7-1185G7 @ 3.00GHz, RAM 16 GB, chỉ dùng CPU (máy có GTX 1650 nhưng không dùng)",3.11.9
canny,8,False,4.832,000011,108004,"Intel Core i7-1185G7 @ 3.00GHz, RAM 16 GB, chỉ dùng CPU (máy có GTX 1650 nhưng không dùng)",3.11.9
canny,9,False,4.955,000011,108004,"Intel Core i7-1185G7 @ 3.00GHz, RAM 16 GB, chỉ dùng CPU (máy có GTX 1650 nhưng không dùng)",3.11.9
canny,10,False,5.101,000011,108004,"Intel Core i7-1185G7 @ 3.00GHz, RAM 16 GB, chỉ dùng CPU (máy có GTX 1650 nhưng không dùng)",3.11.9
canny,11,False,6.126,000011,108004,"Intel Core i7-1185G7 @ 3.00GHz, RAM 16 GB, chỉ dùng CPU (máy có GTX 1650 nhưng không dùng)",3.11.9
canny,12,False,4.912,000011,108004,"Intel Core i7-1185G7 @ 3.00GHz, RAM 16 GB, chỉ dùng CPU (máy có GTX 1650 nhưng không dùng)",3.11.9
canny,13,False,5.219,000011,108004,"Intel Core i7-1185G7 @ 3.00GHz, RAM 16 GB, chỉ dùng CPU (máy có GTX 1650 nhưng không dùng)",3.11.9
canny,14,False,5.294,000011,108004,"Intel Core i7-1185G7 @ 3.00GHz, RAM 16 GB, chỉ dùng CPU (máy có GTX 1650 nhưng không dùng)",3.11.9
canny,15,False,4.738,000011,108004,"Intel Core i7-1185G7 @ 3.00GHz, RAM 16 GB, chỉ dùng CPU (máy có GTX 1650 nhưng không dùng)",3.11.9
canny,16,False,5.546,000011,108004,"Intel Core i7-1185G7 @ 3.00GHz, RAM 16 GB, chỉ dùng CPU (máy có GTX 1650 nhưng không dùng)",3.11.9
canny,17,False,4.562,000011,108004,"Intel Core i7-1185G7 @ 3.00GHz, RAM 16 GB, chỉ dùng CPU (máy có GTX 1650 nhưng không dùng)",3.11.9
canny,18,False,4.94,000011,108004,"Intel Core i7-1185G7 @ 3.00GHz, RAM 16 GB, chỉ dùng CPU (máy có GTX 1650 nhưng không dùng)",3.11.9
canny,19,False,5.167,000011,108004,"Intel Core i7-1185G7 @ 3.00GHz, RAM 16 GB, chỉ dùng CPU (máy có GTX 1650 nhưng không dùng)",3.11.9
canny,20,False,4.947,000011,108004,"Intel Core i7-1185G7 @ 3.00GHz, RAM 16 GB, chỉ dùng CPU (máy có GTX 1650 nhưng không dùng)",3.11.9
drift_check,0,True,131.961,000011,108004,"Intel Core i7-1185G7 @ 3.00GHz, RAM 16 GB, chỉ dùng CPU (máy có GTX 1650 nhưng không dùng)",3.11.9
drift_check,1,False,114.955,000011,108004,"Intel Core i7-1185G7 @ 3.00GHz, RAM 16 GB, chỉ dùng CPU (máy có GTX 1650 nhưng không dùng)",3.11.9
drift_check,2,False,114.607,000011,108004,"Intel Core i7-1185G7 @ 3.00GHz, RAM 16 GB, chỉ dùng CPU (máy có GTX 1650 nhưng không dùng)",3.11.9
drift_check,3,False,127.428,000011,108004,"Intel Core i7-1185G7 @ 3.00GHz, RAM 16 GB, chỉ dùng CPU (máy có GTX 1650 nhưng không dùng)",3.11.9
drift_check,4,False,122.775,000011,108004,"Intel Core i7-1185G7 @ 3.00GHz, RAM 16 GB, chỉ dùng CPU (máy có GTX 1650 nhưng không dùng)",3.11.9
drift_check,5,False,104.174,000011,108004,"Intel Core i7-1185G7 @ 3.00GHz, RAM 16 GB, chỉ dùng CPU (máy có GTX 1650 nhưng không dùng)",3.11.9
drift_check,6,False,104.134,000011,108004,"Intel Core i7-1185G7 @ 3.00GHz, RAM 16 GB, chỉ dùng CPU (máy có GTX 1650 nhưng không dùng)",3.11.9
drift_check,7,False,120.78,000011,108004,"Intel Core i7-1185G7 @ 3.00GHz, RAM 16 GB, chỉ dùng CPU (máy có GTX 1650 nhưng không dùng)",3.11.9
drift_check,8,False,139.769,000011,108004,"Intel Core i7-1185G7 @ 3.00GHz, RAM 16 GB, chỉ dùng CPU (máy có GTX 1650 nhưng không dùng)",3.11.9
drift_check,9,False,125.94,000011,108004,"Intel Core i7-1185G7 @ 3.00GHz, RAM 16 GB, chỉ dùng CPU (máy có GTX 1650 nhưng không dùng)",3.11.9
drift_check,10,False,121.363,000011,108004,"Intel Core i7-1185G7 @ 3.00GHz, RAM 16 GB, chỉ dùng CPU (máy có GTX 1650 nhưng không dùng)",3.11.9
drift_check,11,False,125.179,000011,108004,"Intel Core i7-1185G7 @ 3.00GHz, RAM 16 GB, chỉ dùng CPU (máy có GTX 1650 nhưng không dùng)",3.11.9
drift_check,12,False,122.965,000011,108004,"Intel Core i7-1185G7 @ 3.00GHz, RAM 16 GB, chỉ dùng CPU (máy có GTX 1650 nhưng không dùng)",3.11.9
drift_check,13,False,126.262,000011,108004,"Intel Core i7-1185G7 @ 3.00GHz, RAM 16 GB, chỉ dùng CPU (máy có GTX 1650 nhưng không dùng)",3.11.9
drift_check,14,False,118.486,000011,108004,"Intel Core i7-1185G7 @ 3.00GHz, RAM 16 GB, chỉ dùng CPU (máy có GTX 1650 nhưng không dùng)",3.11.9
drift_check,15,False,157.435,000011,108004,"Intel Core i7-1185G7 @ 3.00GHz, RAM 16 GB, chỉ dùng CPU (máy có GTX 1650 nhưng không dùng)",3.11.9
drift_check,16,False,125.269,000011,108004,"Intel Core i7-1185G7 @ 3.00GHz, RAM 16 GB, chỉ dùng CPU (máy có GTX 1650 nhưng không dùng)",3.11.9
drift_check,17,False,147.474,000011,108004,"Intel Core i7-1185G7 @ 3.00GHz, RAM 16 GB, chỉ dùng CPU (máy có GTX 1650 nhưng không dùng)",3.11.9
drift_check,18,False,146.335,000011,108004,"Intel Core i7-1185G7 @ 3.00GHz, RAM 16 GB, chỉ dùng CPU (máy có GTX 1650 nhưng không dùng)",3.11.9
drift_check,19,False,139.622,000011,108004,"Intel Core i7-1185G7 @ 3.00GHz, RAM 16 GB, chỉ dùng CPU (máy có GTX 1650 nhưng không dùng)",3.11.9
drift_check,20,False,118.341,000011,108004,"Intel Core i7-1185G7 @ 3.00GHz, RAM 16 GB, chỉ dùng CPU (máy có GTX 1650 nhưng không dùng)",3.11.9
