frame,dt_ms,ego_shift_m,speed_mps,n_in_image_ok,n_in_image_noego,shift_px_near,shift_px_far,obj_points,inbox_ok,inbox_noego
scene-0103_000,-35.2,0.308,8.76,2984,2776,20.61,3.14,0,,
scene-0103_001,-35.6,0.297,8.34,3047,2844,19.12,3.29,20,100.0,80.0
scene-0103_002,-35.5,0.305,8.59,3084,2882,19.72,4.06,11,100.0,100.0
scene-0103_003,-35.4,0.298,8.42,3100,2899,18.38,4.43,27,100.0,100.0
scene-0103_004,-35.8,0.306,8.54,3062,2849,17.95,5.16,79,100.0,91.14
scene-0103_005,-36.2,0.31,8.55,3083,2864,21.96,4.31,92,100.0,84.78
scene-0103_006,-36.7,0.328,8.96,3180,2957,19.26,4.86,33,100.0,100.0
scene-0103_007,-36.5,0.331,9.05,3143,2902,21.38,3.78,112,100.0,100.0
scene-0103_008,-36.4,0.327,8.99,2968,2736,21.19,3.66,109,100.0,70.64
scene-0103_009,-35.7,0.323,9.04,3044,2833,19.88,4.28,87,100.0,89.66
scene-0103_010,-35.6,0.307,8.62,3120,2911,20.77,3.66,78,100.0,98.72
scene-0103_011,-35.5,0.25,7.06,3097,2907,15.51,1.96,91,100.0,95.6
scene-0103_012,-35.4,0.206,5.82,3023,2857,12.61,1.38,119,100.0,100.0
scene-0103_013,-34.6,0.169,4.88,3024,2909,10.08,1.04,176,100.0,100.0
scene-0103_014,-34.5,0.124,3.58,3013,2935,7.79,0.9,287,100.0,100.0
scene-0103_015,-34.4,0.076,2.21,2935,2885,5.46,0.96,342,100.0,99.12
scene-0103_016,-34.2,0.058,1.69,2951,2915,4.05,0.59,308,99.35,98.7
scene-0103_017,-34.3,0.057,1.65,2940,2909,3.83,0.31,281,99.64,98.22
scene-0103_018,-34.8,0.059,1.69,2938,2902,3.9,0.5,315,100.0,98.1
scene-0103_019,-35.2,0.067,1.9,2958,2915,4.25,0.59,236,99.58,97.88
scene-0103_020,-35.6,0.085,2.4,2990,2950,5.07,0.98,225,100.0,97.78
scene-0103_021,-35.8,0.094,2.61,2996,2948,5.63,0.97,202,100.0,100.0
scene-0103_022,-37.8,0.118,3.12,2943,2885,7.3,1.04,173,100.0,98.84
scene-0103_023,-36.1,0.123,3.41,2992,2915,7.83,1.41,201,100.0,97.01
scene-0103_024,-36.0,0.142,3.94,2952,2864,9.23,1.44,158,100.0,92.41
scene-0103_025,-35.3,0.162,4.58,2941,2854,10.13,1.51,68,100.0,97.06
scene-0103_026,-35.2,0.169,4.79,2882,2793,10.08,1.4,67,100.0,98.51
scene-0103_027,-35.1,0.19,5.4,2840,2718,12.41,1.73,60,100.0,100.0
scene-0103_028,-34.6,0.199,5.75,2791,2663,12.12,1.66,64,100.0,100.0
scene-0103_029,-34.8,0.214,6.14,2785,2659,12.12,2.22,78,100.0,100.0
scene-0103_030,-34.7,0.222,6.4,2826,2675,13.04,2.2,159,100.0,100.0
scene-0103_031,-34.6,0.233,6.74,2820,2644,13.77,1.86,260,100.0,96.92
scene-0103_032,-34.5,0.249,7.24,2837,2664,14.35,2.02,296,100.0,97.97
scene-0103_033,-34.9,0.264,7.56,2853,2663,16.52,2.44,362,100.0,95.86
scene-0103_034,-35.3,0.274,7.75,2844,2654,15.62,2.63,413,99.76,96.13
scene-0103_035,-35.3,0.284,8.06,2809,2607,16.52,2.62,382,99.74,92.41
scene-0103_036,-35.6,0.288,8.07,2795,2601,18.12,1.73,277,100.0,93.86
scene-0103_037,-35.5,0.286,8.05,2721,2516,18.15,1.9,331,99.7,93.05
scene-0103_038,-36.5,0.304,8.31,2734,2498,19.14,2.24,389,99.74,83.8
scene-0103_039,-35.8,0.292,8.15,2695,2499,17.67,2.29,265,100.0,100.0
scene-1094_000,-35.7,0.005,0.14,3549,3547,0.26,0.11,573,100.0,100.0
scene-1094_001,-35.5,0.005,0.15,3555,3552,0.3,0.07,521,100.0,100.0
scene-1094_002,-35.4,0.008,0.24,3551,3543,0.89,0.4,496,100.0,100.0
scene-1094_003,-34.7,0.022,0.64,3581,3567,1.16,0.32,490,100.0,99.8
scene-1094_004,-34.6,0.039,1.12,3602,3571,2.15,0.43,473,100.0,99.58
scene-1094_005,-35.0,0.06,1.71,3548,3498,3.36,0.66,498,100.0,100.0
scene-1094_006,-34.9,0.069,1.99,3602,3571,3.28,1.99,550,100.0,100.0
scene-1094_007,-37.7,0.11,2.92,3678,3597,6.2,1.98,572,100.0,99.83
scene-1094_008,-35.2,0.104,2.95,3646,3561,6.32,2.04,612,100.0,99.51
scene-1094_009,-35.6,0.097,2.71,3620,3548,5.79,2.33,421,100.0,97.86
scene-1094_010,-35.0,0.094,2.69,3592,3493,7.71,6.68,332,100.0,98.8
scene-1094_011,-34.9,0.095,2.74,3559,3453,9.78,11.48,307,100.0,100.0
scene-1094_012,-35.3,0.09,2.56,3384,3277,15.19,15.61,407,100.0,99.26
scene-1094_013,-35.3,0.093,2.64,3177,3070,18.03,19.01,471,100.0,98.94
scene-1094_014,-35.6,0.1,2.81,2899,2802,20.14,21.58,578,100.0,98.62
scene-1094_015,-36.0,0.123,3.42,2825,2718,20.47,21.45,479,100.0,92.9
scene-1094_016,-37.0,0.166,4.49,2790,2657,12.18,9.34,170,99.41,90.0
scene-1094_017,-38.0,0.189,4.97,2795,2653,13.39,1.71,129,100.0,100.0
scene-1094_018,-37.8,0.234,6.2,2766,2605,13.01,2.68,95,100.0,96.84
scene-1094_019,-37.7,0.246,6.51,2829,2675,14.0,2.57,113,100.0,99.12
scene-1094_020,-37.3,0.26,6.97,2805,2622,17.5,1.54,83,100.0,96.39
scene-1094_021,-36.6,0.261,7.15,2784,2623,16.61,1.84,64,100.0,96.88
scene-1094_022,-36.5,0.279,7.66,2873,2690,18.16,2.12,47,100.0,100.0
scene-1094_023,-39.5,0.323,8.18,2989,2796,19.12,2.76,28,100.0,82.14
scene-1094_024,-34.9,0.298,8.56,2983,2811,18.59,2.27,45,100.0,93.33
scene-1094_025,-34.8,0.304,8.75,2993,2813,17.95,2.77,61,100.0,98.36
scene-1094_026,-34.6,0.312,9.02,3004,2831,18.76,2.92,30,100.0,100.0
scene-1094_027,-35.1,0.324,9.24,3019,2797,22.27,3.0,64,100.0,96.88
scene-1094_028,-35.5,0.338,9.53,2981,2777,20.56,2.69,49,100.0,93.88
scene-1094_029,-35.4,0.349,9.86,3048,2862,19.38,3.55,38,100.0,100.0
scene-1094_030,-35.2,0.369,10.46,3095,2898,21.58,3.58,42,100.0,88.1
scene-1094_031,-35.1,0.37,10.55,3088,2900,21.79,3.17,0,,
scene-1094_032,-35.5,0.386,10.87,2999,2808,21.29,3.89,0,,
scene-1094_033,-36.0,0.414,11.49,3016,2802,22.35,5.21,17,100.0,100.0
scene-1094_034,-35.9,0.417,11.64,2856,2611,26.57,4.43,13,100.0,100.0
scene-1094_035,-35.4,0.427,12.06,2820,2588,24.53,4.23,0,,
scene-1094_036,-35.6,0.451,12.65,2760,2522,25.71,4.68,17,100.0,100.0
scene-1094_037,-36.0,0.449,12.47,2715,2488,24.28,4.54,0,,
scene-1094_038,-35.9,0.446,12.43,2624,2363,25.45,3.08,60,100.0,98.33
scene-1094_039,-35.2,0.451,12.79,2642,2409,27.25,3.47,21,100.0,100.0
